BOARD_NAME,LOCATION
BNSP-KTHA BOARD,BNSP
BNSP-KTHA BOARD,BNSP-BQF
BNSP-KTHA BOARD,BQF
BNSP-KTHA BOARD,BQF-MKD
BNSP-KTHA BOARD,MKD
BNSP-KTHA BOARD,MKD-TKYR
BNSP-KTHA BOARD,TKYR
BNSP-KTHA BOARD,MJG-TKYR
BNSP-KTHA BOARD,MJG
BNSP-KTHA BOARD,CTHR-MJG
BNSP-KTHA BOARD,CTHR
BNSP-KTHA BOARD,CTHR-KTHA
BNSP-KTHA BOARD,KTHA
HDU-KMZ-NKJ-JLW BOARD,HDU
HDU-KMZ-NKJ-JLW BOARD,HDU-MJGP
HDU-KMZ-NKJ-JLW BOARD,MJGP
HDU-KMZ-NKJ-JLW BOARD,KMZ-MJGP
HDU-KMZ-NKJ-JLW BOARD,KMZ
HDU-KMZ-NKJ-JLW BOARD,KMZ-NKJ
HDU-KMZ-NKJ-JLW BOARD,NKJ
BVB-NSZ-SHRN-BPL-MSO BOARD,BVB
BVB-NSZ-SHRN-BPL-MSO BOARD,BVB-SUW
BVB-NSZ-SHRN-BPL-MSO BOARD,SUW
BVB-NSZ-SHRN-BPL-MSO BOARD,NSZ-SUW
BVB-NSZ-SHRN-BPL-MSO BOARD,NSZ
BVB-NSZ-SHRN-BPL-MSO BOARD,NSZ-SHRN
BVB-NSZ-SHRN-BPL-MSO BOARD,SHRN
BVB-NSZ-SHRN-BPL-MSO BOARD,BPL-SHRN
BVB-NSZ-SHRN-BPL-MSO BOARD,BPL
BVB-NSZ-SHRN-BPL-MSO BOARD,BPL-RKMP
BVB-NSZ-SHRN-BPL-MSO BOARD,RKMP
BVB-NSZ-SHRN-BPL-MSO BOARD,MSO-RKMP
BVB-NSZ-SHRN-BPL-MSO BOARD,MSO
HDU-KMZ-NKJ-KTKD BOARD,HDU
HDU-KMZ-NKJ-KTKD BOARD,HDU-MJGP
HDU-KMZ-NKJ-KTKD BOARD,MJGP
HDU-KMZ-NKJ-KTKD BOARD,KMZ-MJGP
HDU-KMZ-NKJ-KTKD BOARD,KMZ
HDU-KMZ-NKJ-KTKD BOARD,KMZ-NKJ
HDU-KMZ-NKJ-KTKD BOARD,NKJ
HDU-KMZ-NKJ-KTKD BOARD,KTKD-NKJ
HDU-KMZ-NKJ-KTKD BOARD,KTKD
BVB-NSZ-BPL-MSO BOARD,BVB
BVB-NSZ-BPL-MSO BOARD,BVB-SUW
BVB-NSZ-BPL-MSO BOARD,SUW
BVB-NSZ-BPL-MSO BOARD,NSZ-SUW
BVB-NSZ-BPL-MSO BOARD,NSZ
BVB-NSZ-BPL-MSO BOARD,BPL-NSZ
BVB-NSZ-BPL-MSO BOARD,BPL
BVB-NSZ-BPL-MSO BOARD,BPL-RKMP
BVB-NSZ-BPL-MSO BOARD,RKMP
BVB-NSZ-BPL-MSO BOARD,MSO-RKMP
BVB-NSZ-BPL-MSO BOARD,MSO
SMND-NMG BOARD,SMND
SMND-NMG BOARD,SMND-YDD
SMND-NMG BOARD,YDD
SMND-NMG BOARD,PSB-YDD
SMND-NMG BOARD,PSB
SMND-NMG BOARD,DSME-PSB
SMND-NMG BOARD,DSME
SMND-NMG BOARD,CBH-DSME
SMND-NMG BOARD,CBH
SMND-NMG BOARD,CBH-KSHR
SMND-NMG BOARD,KSHR
SMND-NMG BOARD,HZD-KSHR
SMND-NMG BOARD,HZD
SMND-NMG BOARD,GRBH-HZD
SMND-NMG BOARD,GRBH
SMND-NMG BOARD,CCK-GRBH
SMND-NMG BOARD,CCK
SMND-NMG BOARD,CCK-KRMB
SMND-NMG BOARD,KRMB
SMND-NMG BOARD,CDB-KRMB
SMND-NMG BOARD,CDB
SMND-NMG BOARD,CDB-CEME
SMND-NMG BOARD,CEME
SMND-NMG BOARD,CEME-PNME
SMND-NMG BOARD,PNME
SMND-NMG BOARD,NMG-PNME
SMND-NMG BOARD,NMG
NMG-GMO-KNF BOARD,NMG
NMG-GMO-KNF BOARD,BLME-NMG
NMG-GMO-KNF BOARD,BLME
NMG-GMO-KNF BOARD,BLME-GMO
NMG-GMO-KNF BOARD,GMO
MDVK-MAKR-KYE BOARD,MAKR
MDVK-MAKR-KYE BOARD,MAKR-MDVK
MDVK-MAKR-KYE BOARD,MDVK
MDVK-MAKR-KYE BOARD,BJQ-MAKR
MDVK-MAKR-KYE BOARD,BJQ
MDVK-MAKR-KYE BOARD,BJQ-KYE
MDVK-MAKR-KYE BOARD,KYE
MKP-BNSP-MKD BOARD,BNSP-BQF
MKP-BNSP-MKD BOARD,BQF
MKP-BNSP-MKD BOARD,BQF-MKD
MKP-BNSP-MKD BOARD,MKD
NMG-GMO-NPJE-TET BOARD,NMG
NMG-GMO-NPJE-TET BOARD,BLME-NMG
NMG-GMO-NPJE-TET BOARD,BLME
NMG-GMO-NPJE-TET BOARD,BLME-GMO
NMG-GMO-NPJE-TET BOARD,GMO
NMG-GMO-NPJE-TET BOARD,GMO-MRQ
NMG-GMO-NPJE-TET BOARD,MRQ
NMG-GMO-NPJE-TET BOARD,MRQ-NPJE
NMG-GMO-NPJE-TET BOARD,NPJE
NMG-GMO-NPJE-TET BOARD,NPJE-TET
NMG-GMO-NPJE-TET BOARD,TET
HDU-KMZ-KTE-JKE BOARD,HDU
HDU-KMZ-KTE-JKE BOARD,HDU-MJGP
HDU-KMZ-KTE-JKE BOARD,MJGP
HDU-KMZ-KTE-JKE BOARD,KMZ-MJGP
HDU-KMZ-KTE-JKE BOARD,KMZ
HDU-KMZ-KTE-JKE BOARD,KTE
HDU-KMZ-KTE-JKE BOARD,KMZ-KTE
HDU-KMZ-KTE-JKE BOARD,JKE
HDU-KMZ-KTE-JKE BOARD,JKE-PTWA
HDU-KMZ-KTE-JKE BOARD,PTWA
HDU-KMZ-KTE-JKE BOARD,KTE-PTWA
UHR-JKE BOARD,UHR
UHR-JKE BOARD,MYR-UHR
UHR-JKE BOARD,MYR
UHR-JKE BOARD,BUU-MYR
UHR-JKE BOARD,BUU
UHR-JKE BOARD,BUU-UDR
UHR-JKE BOARD,UDR
UHR-JKE BOARD,PKRD-UDR
UHR-JKE BOARD,PKRD
UHR-JKE BOARD,JKE-PKRD
UHR-JKE BOARD,JKE
OHAN-BNSP-MKD BOARD,BNSP
OHAN-BNSP-MKD BOARD,BNSP-OHAN
OHAN-BNSP-MKD BOARD,OHAN
OHAN-BNSP-MKD BOARD,BNSP-BQF
OHAN-BNSP-MKD BOARD,BQF
OHAN-BNSP-MKD BOARD,BQF-MKD
OHAN-BNSP-MKD BOARD,MKD
BTX-MBA-DAYG BOARD,BTX
BTX-MBA-DAYG BOARD,BTX-KLAR
BTX-MBA-DAYG BOARD,KLAR
BTX-MBA-DAYG BOARD,KLAR-MBA
BTX-MBA-DAYG BOARD,MBA
BTX-MBA-DAYG BOARD,MBA-SPDM
BTX-MBA-DAYG BOARD,SPDM
BTX-MBA-DAYG BOARD,KURJ-SPDM
BTX-MBA-DAYG BOARD,KURJ
BTX-MBA-DAYG BOARD,DAYG-KURJ
BTX-MBA-DAYG BOARD,DAYG
BKAC-ARGD-CNPR BOARD,BKAC
BKAC-ARGD-CNPR BOARD,ARGD-BKAC
BKAC-ARGD-CNPR BOARD,ARGD
BKAC-ARGD-CNPR BOARD,ARGD-RRME
BKAC-ARGD-CNPR BOARD,RRME
BKAC-ARGD-CNPR BOARD,KMHT-RRME
BKAC-ARGD-CNPR BOARD,KMHT
BKAC-ARGD-CNPR BOARD,CNPR-KMHT
BKAC-ARGD-CNPR BOARD,CNPR
MZHL-GNDI-MHDA BOARD,MZHL
MZHL-GNDI-MHDA BOARD,BRGW-MZHL
MZHL-GNDI-MHDA BOARD,BRGW
MZHL-GNDI-MHDA BOARD,BRGW-GNDI
MZHL-GNDI-MHDA BOARD,GNDI
MZHL-GNDI-MHDA BOARD,GNDI-MHDA
MZHL-GNDI-MHDA BOARD,MHDA
DAYG-TKMG BOARD,DAYG
DAYG-TKMG BOARD,DAYG-MCSC
DAYG-TKMG BOARD,MCSC
DAYG-TKMG BOARD,ISHN-MCSC
DAYG-TKMG BOARD,ISHN
DAYG-TKMG BOARD,ISHN-KHGP
DAYG-TKMG BOARD,KHGP
DAYG-TKMG BOARD,KHGP-SKNP
DAYG-TKMG BOARD,SKNP
DAYG-TKMG BOARD,SKNP-TKMG
DAYG-TKMG BOARD,TKMG
CBK-RTA-GUNA-MINA Board,CBK
CBK-RTA-GUNA-MINA Board,CBK-KHRJ
CBK-RTA-GUNA-MINA Board,KHRJ
CBK-RTA-GUNA-MINA Board,KHRJ-VJP
CBK-RTA-GUNA-MINA Board,VJP
CBK-RTA-GUNA-MINA Board,RTA-VJP
CBK-RTA-GUNA-MINA Board,RTA
CBK-RTA-GUNA-MINA Board,MUGA-RTA
CBK-RTA-GUNA-MINA Board,MUGA
CBK-RTA-GUNA-MINA Board,GUNA-MUGA
CBK-RTA-GUNA-MINA Board,GUNA
CBK-RTA-GUNA-MINA Board,GUNA-MINA
CBK-RTA-GUNA-MINA Board,MINA
HNM-KMA-STA-UHR BOARD,HNM
HNM-KMA-STA-UHR BOARD,HNM-SKAR
HNM-KMA-STA-UHR BOARD,SKAR
HNM-KMA-STA-UHR BOARD,KMA-SKAR
HNM-KMA-STA-UHR BOARD,KMA
HNM-KMA-STA-UHR BOARD,KMA-STA
HNM-KMA-STA-UHR BOARD,STA
HNM-KMA-STA-UHR BOARD,LGCE-STA
HNM-KMA-STA-UHR BOARD,LGCE
HNM-KMA-STA-UHR BOARD,LGCE-UHR
HNM-KMA-STA-UHR BOARD,UHR
TKMG-LAR-JLN BOARD,TKMG
TKMG-LAR-JLN BOARD,TKMG-UDPR
TKMG-LAR-JLN BOARD,UDPR
TKMG-LAR-JLN BOARD,BRRI-UDPR
TKMG-LAR-JLN BOARD,BRRI
TKMG-LAR-JLN BOARD,BRRI-LAR
TKMG-LAR-JLN BOARD,LAR
TKMG-LAR-JLN BOARD,JRO-LAR
TKMG-LAR-JLN BOARD,JRO
TKMG-LAR-JLN BOARD,JLN-JRO
TKMG-LAR-JLN BOARD,JLN
MINA-PNHR BOARD,MINA
MINA-PNHR BOARD,BDWS-MINA
MINA-PNHR BOARD,BDWS
MINA-PNHR BOARD,BDWS-KLRS
MINA-PNHR BOARD,KLRS
MINA-PNHR BOARD,KLRS-SVPI
MINA-PNHR BOARD,SVPI
MINA-PNHR BOARD,PARH-SVPI
MINA-PNHR BOARD,PARH
MINA-PNHR BOARD,MOJ-PARH
MINA-PNHR BOARD,MOJ
MINA-PNHR BOARD,GHAI-MOJ
MINA-PNHR BOARD,GHAI
MINA-PNHR BOARD,GHAI-PNHR
MINA-PNHR BOARD,PNHR
REWA-HNM BOARD,REWA
REWA-HNM BOARD,REWA-TZR
REWA-HNM BOARD,TZR
REWA-HNM BOARD,BGHI-TZR
REWA-HNM BOARD,BGHI
REWA-HNM BOARD,BGHI-HNM
REWA-HNM BOARD,HNM
CIRL-VGLB-KHJ BOARD,CIRL
CIRL-VGLB-KHJ BOARD,CIRL-KRQ
CIRL-VGLB-KHJ BOARD,KRQ
CIRL-VGLB-KHJ BOARD,KRQ-VGLB
CIRL-VGLB-KHJ BOARD,VGLB
CIRL-VGLB-KHJ BOARD,JHSA-VGLB
CIRL-VGLB-KHJ BOARD,JHSA
CIRL-VGLB-KHJ BOARD,BJI-JHSA
CIRL-VGLB-KHJ BOARD,BJI
CIRL-VGLB-KHJ BOARD,BJI-KHJ
CIRL-VGLB-KHJ BOARD,KHJ
MOJ-GWL BOARD,MOJ
MOJ-GWL BOARD,GHAI-MOJ
MOJ-GWL BOARD,GHAI
MOJ-GWL BOARD,GHAI-PNHR
MOJ-GWL BOARD,PNHR
MOJ-GWL BOARD,GWL-PNHR
MOJ-GWL BOARD,GWL
KHJ-BJA BOARD,KHJ
KHJ-BJA BOARD,BAB-KHJ
KHJ-BJA BOARD,BAB
KHJ-BJA BOARD,BAB-BPW
KHJ-BJA BOARD,BPW
KHJ-BJA BOARD,BPW-BZY
KHJ-BJA BOARD,BZY
KHJ-BJA BOARD,BZY-MZX
KHJ-BJA BOARD,MZX
KHJ-BJA BOARD,MZX-TBT
KHJ-BJA BOARD,TBT
KHJ-BJA BOARD,BJA-TBT
KHJ-BJA BOARD,BJA
GMX-RMF BOARD,GMX
GMX-RMF BOARD,GMX-JGF
GMX-RMF BOARD,JGF
GMX-RMF BOARD,JGF-RNQ
GMX-RMF BOARD,RNQ
GMX-RMF BOARD,MPF-RNQ
GMX-RMF BOARD,MPF
GMX-RMF BOARD,JRQ-MPF
GMX-RMF BOARD,JRQ
GMX-RMF BOARD,DXN-JRQ
GMX-RMF BOARD,DXN
GMX-RMF BOARD,DXN-MXY
GMX-RMF BOARD,MXY
GMX-RMF BOARD,MXY-WDM
GMX-RMF BOARD,WDM
GMX-RMF BOARD,NUQ-WDM
GMX-RMF BOARD,NUQ
GMX-RMF BOARD,NUQ-RMF
GMX-RMF BOARD,RMF
AGD-MAKR-KYE BOARD,MAKR
AGD-MAKR-KYE BOARD,AGD-MAKR
AGD-MAKR-KYE BOARD,AGD
AGD-MAKR-KYE BOARD,BJQ-MAKR
AGD-MAKR-KYE BOARD,BJQ
AGD-MAKR-KYE BOARD,BJQ-KYE
AGD-MAKR-KYE BOARD,KYE
RMF-GHQ-GRLC BOARD,RMF
RMF-GHQ-GRLC BOARD,MQX-RMF
RMF-GHQ-GRLC BOARD,MQX
RMF-GHQ-GRLC BOARD,GHQ-MQX
RMF-GHQ-GRLC BOARD,GHQ
RMF-GHQ-GRLC BOARD,GHQ-GRLC
RMF-GHQ-GRLC BOARD,GRLC
BINA-MAKR-KYE BOARD,MAKR
BINA-MAKR-KYE BOARD,BINA-MAKR
BINA-MAKR-KYE BOARD,BINA
BINA-MAKR-KYE BOARD,BJQ-MAKR
BINA-MAKR-KYE BOARD,BJQ
BINA-MAKR-KYE BOARD,BJQ-KYE
BINA-MAKR-KYE BOARD,KYE
RMF-GHQ-GHD-SQS BOARD,RMF
RMF-GHQ-GHD-SQS BOARD,MQX-RMF
RMF-GHQ-GHD-SQS BOARD,MQX
RMF-GHQ-GHD-SQS BOARD,GHQ-MQX
RMF-GHQ-GHD-SQS BOARD,GHQ
RMF-GHQ-GHD-SQS BOARD,GHD-GHQ
RMF-GHQ-GHD-SQS BOARD,GHD
AKW-KID-KHU BOARD,AKW
AKW-KID-KHU BOARD,AKW-ICL
AKW-KID-KHU BOARD,ICL
AKW-KID-KHU BOARD,ICL-KID
AKW-KID-KHU BOARD,KID
AKW-KID-KHU BOARD,BNDA-KID
AKW-KID-KHU BOARD,BNDA
AKW-KID-KHU BOARD,BNDA-DWI
AKW-KID-KHU BOARD,DWI
AKW-KID-KHU BOARD,DWI-KHU
AKW-KID-KHU BOARD,KHU
BIR-TLV-CKKD BOARD,BIR-TLV
BIR-TLV-CKKD BOARD,TLV
BIR-TLV-CKKD BOARD,BIR
BIR-TLV-CKKD BOARD,SGBJ-TLV
BIR-TLV-CKKD BOARD,CKKD-SGBJ
BIR-TLV-CKKD BOARD,SGBJ
BIR-TLV-CKKD BOARD,CKKD
KHU-OHAN BOARD,KHU
KHU-OHAN BOARD,ATE-KHU
KHU-OHAN BOARD,ATE
KHU-OHAN BOARD,ATE-BUS
KHU-OHAN BOARD,BUS
KHU-OHAN BOARD,BTKP-BUS
KHU-OHAN BOARD,BTKP
KHU-OHAN BOARD,BTKP-SWC
KHU-OHAN BOARD,SWC
KHU-OHAN BOARD,CKTD-SWC
KHU-OHAN BOARD,CKTD
KHU-OHAN BOARD,CKTD-KHOH
KHU-OHAN BOARD,KHOH
KHU-OHAN BOARD,BIP-KHOH
KHU-OHAN BOARD,BIP
KHU-OHAN BOARD,BIP-OHAN
KHU-OHAN BOARD,OHAN
PFR-CBK BOARD,PFR
PFR-CBK BOARD,BRRG-PFR
PFR-CBK BOARD,BRRG
PFR-CBK BOARD,BRRG-SFZ
PFR-CBK BOARD,SFZ
PFR-CBK BOARD,CBK-SFZ
PFR-CBK BOARD,CBK
RMF-GHQ-GHD-KFT BOARD,RMF
RMF-GHQ-GHD-KFT BOARD,MQX-RMF
RMF-GHQ-GHD-KFT BOARD,MQX
RMF-GHQ-GHD-KFT BOARD,GHQ-MQX
RMF-GHQ-GHD-KFT BOARD,GHQ
RMF-GHQ-GHD-KFT BOARD,GHD-GHQ
RMF-GHQ-GHD-KFT BOARD,GHD
RMF-GHQ-GHD-KFT BOARD,GHD-TRZ
RMF-GHQ-GHD-KFT BOARD,TRZ
RMF-GHQ-GHD-KFT BOARD,RHR-TRZ
RMF-GHQ-GHD-KFT BOARD,RHR
RMF-GHQ-GHD-KFT BOARD,KFT-RHR
RMF-GHQ-GHD-KFT BOARD,KFT
AKW-KID-MBA BOARD,AKW
AKW-KID-MBA BOARD,AKW-ICL
AKW-KID-MBA BOARD,ICL
AKW-KID-MBA BOARD,ICL-KID
AKW-KID-MBA BOARD,KID
AKW-KID-MBA BOARD,KID-MTH
AKW-KID-MBA BOARD,MTH
AKW-KID-MBA BOARD,KBR-MTH
AKW-KID-MBA BOARD,KBR
AKW-KID-MBA BOARD,KBR-MBA
AKW-KID-MBA BOARD,MBA
CBK-RTA-GUNA-MABN BOARD,CBK
CBK-RTA-GUNA-MABN BOARD,CBK-KHRJ
CBK-RTA-GUNA-MABN BOARD,KHRJ
CBK-RTA-GUNA-MABN BOARD,KHRJ-VJP
CBK-RTA-GUNA-MABN BOARD,VJP
CBK-RTA-GUNA-MABN BOARD,RTA-VJP
CBK-RTA-GUNA-MABN BOARD,RTA
CBK-RTA-GUNA-MABN BOARD,MUGA-RTA
CBK-RTA-GUNA-MABN BOARD,MUGA
CBK-RTA-GUNA-MABN BOARD,GUNA-MUGA
CBK-RTA-GUNA-MABN BOARD,GUNA
CBK-RTA-GUNA-MABN BOARD,GUNA-MABN
CBK-RTA-GUNA-MABN BOARD,MABN
CIRL-VGLB-NEW BOARD,CIRL
CIRL-VGLB-NEW BOARD,CIRL-KRQ
CIRL-VGLB-NEW BOARD,KRQ
CIRL-VGLB-NEW BOARD,KRQ-VGLB
CIRL-VGLB-NEW BOARD,VGLB
CIRL-VGLB-NEW BOARD,ORC-VGLB
CIRL-VGLB-NEW BOARD,ORC
CIRL-VGLB-NEW BOARD,BWR-ORC
CIRL-VGLB-NEW BOARD,BWR
CIRL-VGLB-NEW BOARD,BWR-NEW
CIRL-VGLB-NEW BOARD,NEW
CBK-RTA-CRKR Board,CBK
CBK-RTA-CRKR Board,CBK-KHRJ
CBK-RTA-CRKR Board,KHRJ
CBK-RTA-CRKR Board,KHRJ-VJP
CBK-RTA-CRKR Board,VJP
CBK-RTA-CRKR Board,RTA-VJP
CBK-RTA-CRKR Board,RTA
NEW-BTX BOARD,NEW
NEW-BTX BOARD,NEW-TKA
NEW-BTX BOARD,TKA
NEW-BTX BOARD,RNRD-TKA
NEW-BTX BOARD,RNRD
NEW-BTX BOARD,MRPR-RNRD
NEW-BTX BOARD,MRPR
NEW-BTX BOARD,MRPR-RORA
NEW-BTX BOARD,RORA
NEW-BTX BOARD,HPP-RORA
NEW-BTX BOARD,HPP
NEW-BTX BOARD,BTX-HPP
NEW-BTX BOARD,BTX
BZS-DHN-PKA-RKJE BOARD,BZS
BZS-DHN-PKA-RKJE BOARD,BZS-KDS
BZS-DHN-PKA-RKJE BOARD,KDS
BZS-DHN-PKA-RKJE BOARD,DHN-KDS
BZS-DHN-PKA-RKJE BOARD,DHN
BZS-DHN-PKA-RKJE BOARD,DHN-DOKM
BZS-DHN-PKA-RKJE BOARD,DOKM
BZS-DHN-PKA-RKJE BOARD,DOKM-PKA
BZS-DHN-PKA-RKJE BOARD,PKA
BZS-DHN-PKA-RKJE BOARD,PKA-RKJE
BZS-DHN-PKA-RKJE BOARD,RKJE
RKJE-SDBH-PEH BOARD,RKJE
RKJE-SDBH-PEH BOARD,RKJE-SDBH
RKJE-SDBH-PEH BOARD,SDBH
RKJE-SDBH-PEH BOARD,PEH-SDBH
RKJE-SDBH-PEH BOARD,PEH
MHDA-KRLR-KDRD BOARD,MHDA
MHDA-KRLR-KDRD BOARD,MHDA-SGRL
MHDA-KRLR-KDRD BOARD,SGRL
MHDA-KRLR-KDRD BOARD,CHRK-SGRL
MHDA-KRLR-KDRD BOARD,CHRK
MHDA-KRLR-KDRD BOARD,CHRK-KRLR
MHDA-KRLR-KDRD BOARD,KRLR
MHDA-KRLR-KDRD BOARD,KRLR-MCQ
MHDA-KRLR-KDRD BOARD,MCQ
MHDA-KRLR-KDRD BOARD,KDRD-MCQ
MHDA-KRLR-KDRD BOARD,KDRD
BTX-MBA-MTH BOARD,BTX
BTX-MBA-MTH BOARD,BTX-KLAR
BTX-MBA-MTH BOARD,KLAR
BTX-MBA-MTH BOARD,KLAR-MBA
BTX-MBA-MTH BOARD,MBA
BTX-MBA-MTH BOARD,MTH
BTX-MBA-MTH BOARD,KBR-MTH
BTX-MBA-MTH BOARD,KBR
BTX-MBA-MTH BOARD,KBR-MBA
JKE-KTE-NKJ-JLW BOARD,JKE
JKE-KTE-NKJ-JLW BOARD,JKE-PTWA
JKE-KTE-NKJ-JLW BOARD,PTWA
JKE-KTE-NKJ-JLW BOARD,KTE-PTWA
JKE-KTE-NKJ-JLW BOARD,KTE
JKE-KTE-NKJ-JLW BOARD,KTE-NKJ
JKE-KTE-NKJ-JLW BOARD,NKJ
MHDA-KRLR-SKTN BOARD,MHDA
MHDA-KRLR-SKTN BOARD,MHDA-SGRL
MHDA-KRLR-SKTN BOARD,SGRL
MHDA-KRLR-SKTN BOARD,CHRK-SGRL
MHDA-KRLR-SKTN BOARD,CHRK
MHDA-KRLR-SKTN BOARD,CHRK-KRLR
MHDA-KRLR-SKTN BOARD,KRLR
MHDA-KRLR-SKTN BOARD,SKTN
MHDA-KRLR-SKTN BOARD,KRSL-SKTN
MHDA-KRLR-SKTN BOARD,KRSL
MHDA-KRLR-SKTN BOARD,ANPR-KRSL
MHDA-KRLR-SKTN BOARD,ANPR
MHDA-KRLR-SKTN BOARD,ANPR-KRLR
RKJE-SDBH-SNDT BOARD,RKJE
RKJE-SDBH-SNDT BOARD,RKJE-SDBH
RKJE-SDBH-SNDT BOARD,SDBH
RKJE-SDBH-SNDT BOARD,SDBH-SNMY
RKJE-SDBH-SNDT BOARD,SNMY
RKJE-SDBH-SNDT BOARD,SNDT-SNMY
RKJE-SDBH-SNDT BOARD,SNDT
JKE-KTE-NKJ-KTKD BOARD,JKE
JKE-KTE-NKJ-KTKD BOARD,JKE-PTWA
JKE-KTE-NKJ-KTKD BOARD,PTWA
JKE-KTE-NKJ-KTKD BOARD,KTE-PTWA
JKE-KTE-NKJ-KTKD BOARD,KTE
JKE-KTE-NKJ-KTKD BOARD,KTE-NKJ
JKE-KTE-NKJ-KTKD BOARD,NKJ
JKE-KTE-NKJ-KTKD BOARD,KTKD-NKJ
JKE-KTE-NKJ-KTKD BOARD,KTKD
GOPA-GWL-BLNR-SAC BOARD,GOPA
GOPA-GWL-BLNR-SAC BOARD,GOPA-GWO
GOPA-GWL-BLNR-SAC BOARD,GWO
GOPA-GWL-BLNR-SAC BOARD,GWL-GWO
GOPA-GWL-BLNR-SAC BOARD,GWL
GOPA-GWL-BLNR-SAC BOARD,BLNR
GOPA-GWL-BLNR-SAC BOARD,BLNR-GWL
GOPA-GWL-BLNR-SAC BOARD,SAC
GOPA-GWL-BLNR-SAC BOARD,BLNR-SAC
KDRD-OBR BOARD,KDRD
KDRD-OBR BOARD,KDRD-MWF
KDRD-OBR BOARD,MWF
KDRD-OBR BOARD,MWF-PPKD
KDRD-OBR BOARD,PPKD
KDRD-OBR BOARD,OBR-PPKD
KDRD-OBR BOARD,OBR
OBR-BXLL-CPU BOARD,OBR
OBR-BXLL-CPU BOARD,OBAC-OBR
OBR-BXLL-CPU BOARD,OBAC
OBR-BXLL-CPU BOARD,BXLL-OBAC
OBR-BXLL-CPU BOARD,BXLL
OBR-BXLL-CPU BOARD,CPU
OBR-BXLL-CPU BOARD,BXLL-CPU
JKE-KTE-KTES-SBD BOARD,JKE
JKE-KTE-KTES-SBD BOARD,JKE-PTWA
JKE-KTE-KTES-SBD BOARD,PTWA
JKE-KTE-KTES-SBD BOARD,KTE-PTWA
JKE-KTE-KTES-SBD BOARD,KTE
JKE-KTE-KTES-SBD BOARD,KTE-KTES
JKE-KTE-KTES-SBD BOARD,KTES
JKE-KTE-KTES-SBD BOARD,KTES-NWR
JKE-KTE-KTES-SBD BOARD,NWR
JKE-KTE-KTES-SBD BOARD,NWR-SBD
JKE-KTE-KTES-SBD BOARD,SBD
BIX-SAC BOARD,BIX
BIX-SAC BOARD,BIX-SONI
BIX-SAC BOARD,SONI
BIX-SAC BOARD,GOA-SONI
BIX-SAC BOARD,GOA
BIX-SAC BOARD,GOA-MLAR
BIX-SAC BOARD,MLAR
BIX-SAC BOARD,MLAR-SAC
BIX-SAC BOARD,SAC
JLW-NKJ-KTES-SBD BOARD,KTES-NKJ
JLW-NKJ-KTES-SBD BOARD,KTES
JLW-NKJ-KTES-SBD BOARD,KTES-NWR
JLW-NKJ-KTES-SBD BOARD,NWR
JLW-NKJ-KTES-SBD BOARD,NWR-SBD
JLW-NKJ-KTES-SBD BOARD,SBD
HBD-ET-DRA BOARD,HBD
HBD-ET-DRA BOARD,HBD-PRKD
HBD-ET-DRA BOARD,PRKD
HBD-ET-DRA BOARD,ET-PRKD
HBD-ET-DRA BOARD,ET
HBD-ET-DRA BOARD,ET-ETB
HBD-ET-DRA BOARD,ETB
HBD-ET-DRA BOARD,DRA-ETB
HBD-ET-DRA BOARD,DRA
GOPA-GWL-ARI BOARD,GOPA
GOPA-GWL-ARI BOARD,GOPA-GWO
GOPA-GWL-ARI BOARD,GWO
GOPA-GWL-ARI BOARD,GWL-GWO
GOPA-GWL-ARI BOARD,GWL
GOPA-GWL-ARI BOARD,GWL-STLI
GOPA-GWL-ARI BOARD,STLI
GOPA-GWL-ARI BOARD,SLV-STLI
GOPA-GWL-ARI BOARD,SLV
GOPA-GWL-ARI BOARD,ARI-SLV
GOPA-GWL-ARI BOARD,ARI
OBR-BXLL-GMX BOARD,OBR
OBR-BXLL-GMX BOARD,OBAC-OBR
OBR-BXLL-GMX BOARD,OBAC
OBR-BXLL-GMX BOARD,BXLL-OBAC
OBR-BXLL-GMX BOARD,BXLL
OBR-BXLL-GMX BOARD,BXLL-SLBN
OBR-BXLL-GMX BOARD,SLBN
OBR-BXLL-GMX BOARD,GMX-SLBN
OBR-BXLL-GMX BOARD,GMX
DRA-CKKD BOARD,DRA
DRA-CKKD BOARD,DKI-DRA
DRA-CKKD BOARD,DKI
DRA-CKKD BOARD,BPF-DKI
DRA-CKKD BOARD,BPF
DRA-CKKD BOARD,BIF-BPF
DRA-CKKD BOARD,BIF
DRA-CKKD BOARD,BIF-PGL
DRA-CKKD BOARD,PGL
DRA-CKKD BOARD,PGL-TBN
DRA-CKKD BOARD,TBN
DRA-CKKD BOARD,CRK-TBN
DRA-CKKD BOARD,CRK
DRA-CKKD BOARD,CRK-HD
DRA-CKKD BOARD,HD
DRA-CKKD BOARD,HD-PAL
DRA-CKKD BOARD,PAL
DRA-CKKD BOARD,MUO-PAL
DRA-CKKD BOARD,MUO
DRA-CKKD BOARD,BRI-MUO
DRA-CKKD BOARD,BRI
DRA-CKKD BOARD,BRI-KKN
DRA-CKKD BOARD,KKN
DRA-CKKD BOARD,DRHI-KKN
DRA-CKKD BOARD,DRHI
DRA-CKKD BOARD,BRUD-DRHI
DRA-CKKD BOARD,BRUD
DRA-CKKD BOARD,BRUD-CAER
DRA-CKKD BOARD,CAER
DRA-CKKD BOARD,CAER-CKKD
DRA-CKKD BOARD,CKKD
ARI-CIRL BOARD,ARI
ARI-CIRL BOARD,AEH-ARI
ARI-CIRL BOARD,AEH
ARI-CIRL BOARD,AEH-DBA
ARI-CIRL BOARD,DBA
ARI-CIRL BOARD,DBA-KTRA
ARI-CIRL BOARD,KTRA
ARI-CIRL BOARD,KTRA-SOR
ARI-CIRL BOARD,SOR
ARI-CIRL BOARD,DAA-SOR
ARI-CIRL BOARD,DAA
ARI-CIRL BOARD,CIRL-DAA
ARI-CIRL BOARD,CIRL
PUS-CRP-GMO-MRQ BOARD,PUS
PUS-CRP-GMO-MRQ BOARD,BHME-PUS
PUS-CRP-GMO-MRQ BOARD,BHME
PUS-CRP-GMO-MRQ BOARD,BHME-CRP
PUS-CRP-GMO-MRQ BOARD,CRP
PUS-CRP-GMO-MRQ BOARD,CRP-TELO
PUS-CRP-GMO-MRQ BOARD,TELO
PUS-CRP-GMO-MRQ BOARD,GMO-TELO
PUS-CRP-GMO-MRQ BOARD,GMO
PUS-CRP-GMO-MRQ BOARD,GMO-MRQ
PUS-CRP-GMO-MRQ BOARD,MRQ
CIRL-VGLB-PIC BOARD,CIRL
CIRL-VGLB-PIC BOARD,CIRL-KRQ
CIRL-VGLB-PIC BOARD,KRQ
CIRL-VGLB-PIC BOARD,KRQ-VGLB
CIRL-VGLB-PIC BOARD,VGLB
CIRL-VGLB-PIC BOARD,PIC
CIRL-VGLB-PIC BOARD,GRM-PIC
CIRL-VGLB-PIC BOARD,GRM
CIRL-VGLB-PIC BOARD,GRM-MSV
CIRL-VGLB-PIC BOARD,MSV
CIRL-VGLB-PIC BOARD,MSV-VGLB
PUS-CRP-PLJE BOARD,PUS
PUS-CRP-PLJE BOARD,BHME-PUS
PUS-CRP-PLJE BOARD,BHME
PUS-CRP-PLJE BOARD,BHME-CRP
PUS-CRP-PLJE BOARD,CRP
PUS-CRP-PLJE BOARD,CRP-JNNA
PUS-CRP-PLJE BOARD,JNNA
PUS-CRP-PLJE BOARD,JNNA-PLJE
PUS-CRP-PLJE BOARD,PLJE
DHO-HET-SANK BOARD,HET-SIKD
DHO-HET-SANK BOARD,SIKD
DHO-HET-SANK BOARD,MRA-SIKD
DHO-HET-SANK BOARD,MRA
DHO-HET-SANK BOARD,MRA-SANK
DHO-HET-SANK BOARD,SANK
PLJE-KTH-NPJE-TET BOARD,PLJE
PLJE-KTH-NPJE-TET BOARD,PLJE-SZE
PLJE-KTH-NPJE-TET BOARD,SZE
PLJE-KTH-NPJE-TET BOARD,KTH-SZE
PLJE-KTH-NPJE-TET BOARD,KTH
PLJE-KTH-NPJE-TET BOARD,NPJE
PLJE-KTH-NPJE-TET BOARD,KTH-NPJE
PLJE-KTH-NPJE-TET BOARD,NPJE-TET
PLJE-KTH-NPJE-TET BOARD,TET
CNJW-BZM-GTM BOARD,BZM-KTRR
CNJW-BZM-GTM BOARD,KTRR
CNJW-BZM-GTM BOARD,KTRR-PTRE
CNJW-BZM-GTM BOARD,PTRE
CNJW-BZM-GTM BOARD,GTM-PTRE
CNJW-BZM-GTM BOARD,GTM
Overview,BZM
Overview,BZM-KTRR
Overview,KTRR
Overview,KTRR-PTRE
Overview,PTRE
Overview,GTM-PTRE
Overview,GTM
Overview,GTM-HAR
Overview,HAR
Overview,HAR-JSB
Overview,JSB
Overview,BSZ-JSB
Overview,BSZ
Overview,BSZ-RGU
Overview,RGU
Overview,AKW-RGU
Overview,AKW
Overview,AKW-ICL
Overview,ICL
Overview,ICL-KID
Overview,KID
Overview,BZM-RPGU
Overview,RPGU
Overview,PMN-RPGU
Overview,PMN
Overview,LLR-PMN
Overview,LLR
Overview,LLR-MLS
Overview,MLS
Overview,MLS-PHN
Overview,PHN
Overview,CNH-PHN
Overview,CNH
Overview,CNH-KPI
Overview,KPI
Overview,KPI-URG
Overview,URG
Overview,ATA-URG
Overview,ATA
Overview,ATA-SSKI
Overview,SSKI
Overview,ORAI-SSKI
Overview,ORAI
Overview,BHUA-ORAI
Overview,BHUA
Overview,AIT-BHUA
Overview,AIT
Overview,SOE
Overview,GIW-SOE
Overview,GIW
Overview,GIW-KJP
Overview,KJP
Overview,IKD-KJP
Overview,IKD
Overview,BIB-IKD
Overview,BIB
Overview,BIB-SBL
Overview,SBL
Overview,KQS-SBL
Overview,KQS
Overview,JPO-KQS
Overview,JPO
Overview,JPO-SMV
Overview,SMV
Overview,BMZ-SMV
Overview,BMZ
Overview,BMZ-MTJL
Overview,MTJL
Overview,GOPA-MTJL
Overview,GOPA
Overview,GOPA-GWO
Overview,GWO
Overview,GWL-GWO
Overview,GWL
Overview,HET-SIKD
Overview,SIKD
Overview,MRA-SIKD
Overview,MRA
Overview,MRA-SANK
Overview,SANK
Overview,BAO-SANK
Overview,BAO
Overview,BAO-RRU
Overview,RRU
Overview,BLNR-RRU
Overview,BLNR
Overview,BIX-SONI
Overview,SONI
Overview,GOA-SONI
Overview,GOA
Overview,GOA-MLAR
Overview,MLAR
Overview,MLAR-SAC
Overview,SAC
Overview,BLNR-SAC
Overview,BLNR-GWL
Overview,KNH
Overview,AIT-KNH
Overview,GWL-PNHR
Overview,PNHR
Overview,GWL-STLI
Overview,STLI
Overview,SLV-STLI
Overview,SLV
Overview,ARI-SLV
Overview,ARI
Overview,AEH-ARI
Overview,AEH
Overview,AEH-DBA
Overview,DBA
Overview,DBA-KTRA
Overview,KTRA
Overview,KTRA-SOR
Overview,SOR
Overview,DAA-SOR
Overview,DAA
Overview,CIRL-DAA
Overview,CIRL
Overview,CIRL-KRQ
Overview,KRQ
Overview,KRQ-VGLB
Overview,VGLB
Overview,AIT-PRN
Overview,PRN
Overview,ERC-PRN
Overview,ERC
Overview,ERC-MOTH
Overview,MOTH
Overview,MOTH-NDK
Overview,NDK
Overview,CGN-NDK
Overview,CGN
Overview,CGN-PIC
Overview,PIC
Overview,GRM-PIC
Overview,GRM
Overview,GRM-MSV
Overview,MSV
Overview,MSV-VGLB
Overview,ORC-VGLB
Overview,ORC
Overview,BWR-ORC
Overview,BWR
Overview,BWR-NEW
Overview,NEW
Overview,NEW-TKA
Overview,TKA
Overview,RNRD-TKA
Overview,RNRD
Overview,MRPR-RNRD
Overview,MRPR
Overview,MRPR-RORA
Overview,RORA
Overview,HPP-RORA
Overview,HPP
Overview,BTX-HPP
Overview,BTX
Overview,BTX-KLAR
Overview,KLAR
Overview,KLAR-MBA
Overview,MBA
Overview,JHSA-VGLB
Overview,JHSA
Overview,BJI-JHSA
Overview,BJI
Overview,BJI-KHJ
Overview,KHJ
Overview,BAB-KHJ
Overview,BAB
Overview,BAB-BPW
Overview,BPW
Overview,BPW-BZY
Overview,BZY
Overview,BZY-MZX
Overview,MZX
Overview,MZX-TBT
Overview,TBT
Overview,BJA-TBT
Overview,BJA
Overview,BJA-JHA
Overview,JHA
Overview,DWA-JHA
Overview,DWA
Overview,DWA-LAR
Overview,LAR
Overview,BNDA-KID
Overview,BNDA
Overview,BNDA-DWI
Overview,DWI
Overview,DWI-KHU
Overview,KHU
Overview,ATE-KHU
Overview,ATE
Overview,ATE-BUS
Overview,BUS
Overview,BTKP-BUS
Overview,BTKP
Overview,BTKP-SWC
Overview,SWC
Overview,CKTD-SWC
Overview,CKTD
Overview,CKTD-KHOH
Overview,KHOH
Overview,BIP-KHOH
Overview,BIP
Overview,BIP-OHAN
Overview,OHAN
Overview,KID-MTH
Overview,MTH
Overview,KBR-MTH
Overview,KBR
Overview,KBR-MBA
Overview,MBA-SPDM
Overview,SPDM
Overview,KURJ-SPDM
Overview,KURJ
Overview,DAYG-KURJ
Overview,DAYG
Overview,DAYG-MCSC
Overview,MCSC
Overview,ISHN-MCSC
Overview,ISHN
Overview,ISHN-KHGP
Overview,KHGP
Overview,KHGP-SKNP
Overview,SKNP
Overview,SKNP-TKMG
Overview,TKMG
Overview,TKMG-UDPR
Overview,UDPR
Overview,BRRI-UDPR
Overview,BRRI
Overview,BRRI-LAR
Overview,BNSP-OHAN
Overview,BNSP
Overview,JRO-LAR
Overview,JRO
Overview,JLN-JRO
Overview,JLN
Overview,DUA-JLN
Overview,DUA
Overview,DUA-MXS
Overview,MXS
Overview,KOA-MXS
Overview,KOA
Overview,AGD-KOA
Overview,AGD
Overview,AGD-MAKR
Overview,MAKR
Overview,AGD-BINA
Overview,BINA
Overview,AGD-MDVK
Overview,MDVK
CNJW-BZM-LLR BOARD,BZM-RPGU
CNJW-BZM-LLR BOARD,RPGU
CNJW-BZM-LLR BOARD,PMN-RPGU
CNJW-BZM-LLR BOARD,PMN
CNJW-BZM-LLR BOARD,LLR-PMN
CNJW-BZM-LLR BOARD,LLR
PLJE-KTH-BZS BOARD,PLJE
PLJE-KTH-BZS BOARD,PLJE-SZE
PLJE-KTH-BZS BOARD,SZE
PLJE-KTH-BZS BOARD,KTH-SZE
PLJE-KTH-BZS BOARD,KTH
PLJE-KTH-BZS BOARD,KTH-SJA
PLJE-KTH-BZS BOARD,SJA
PLJE-KTH-BZS BOARD,BZS-SJA
PLJE-KTH-BZS BOARD,BZS
KTKD-GNDI BOARD,KTKD
KTKD-GNDI BOARD,KTKD-SLHA
KTKD-GNDI BOARD,SLHA
KTKD-GNDI BOARD,PWK-SLHA
KTKD-GNDI BOARD,PWK
KTKD-GNDI BOARD,KHBJ-PWK
KTKD-GNDI BOARD,KHBJ
KTKD-GNDI BOARD,KHBJ-MFQ
KTKD-GNDI BOARD,MFQ
KTKD-GNDI BOARD,MFQ-VST
KTKD-GNDI BOARD,VST
KTKD-GNDI BOARD,CTJ-VST
KTKD-GNDI BOARD,CTJ
KTKD-GNDI BOARD,BEHR-CTJ
KTKD-GNDI BOARD,BEHR
KTKD-GNDI BOARD,BARD-BEHR
KTKD-GNDI BOARD,BARD
KTKD-GNDI BOARD,BARD-JOBA
KTKD-GNDI BOARD,JOBA
KTKD-GNDI BOARD,JOBA-MWJ
KTKD-GNDI BOARD,MWJ
KTKD-GNDI BOARD,MWJ-NWB
KTKD-GNDI BOARD,NWB
KTKD-GNDI BOARD,BSDL-NWB
KTKD-GNDI BOARD,BSDL
KTKD-GNDI BOARD,BSDL-SSGJ
KTKD-GNDI BOARD,SSGJ
KTKD-GNDI BOARD,SGAM-SSGJ
KTKD-GNDI BOARD,SGAM
KTKD-GNDI BOARD,GAJB-SGAM
KTKD-GNDI BOARD,GAJB
KTKD-GNDI BOARD,DRGM-GAJB
KTKD-GNDI BOARD,DRGM
KTKD-GNDI BOARD,DRGM-MZHL
KTKD-GNDI BOARD,MZHL
KTKD-GNDI BOARD,BRGW-MZHL
KTKD-GNDI BOARD,BRGW
KTKD-GNDI BOARD,BRGW-GNDI
KTKD-GNDI BOARD,GNDI
MNV-MDVK-MAKR BOARD,MNV
MNV-MDVK-MAKR BOARD,KXB-MNV
MNV-MDVK-MAKR BOARD,KXB
MNV-MDVK-MAKR BOARD,KXB-SRKI
MNV-MDVK-MAKR BOARD,SRKI
MNV-MDVK-MAKR BOARD,MDVK-SRKI
MNV-MDVK-MAKR BOARD,MDVK
MNV-MDVK-MAKR BOARD,MAKR-MDVK
MNV-MDVK-MAKR BOARD,MAKR
CKTD-OHAN-BNSP BOARD,CKTD
CKTD-OHAN-BNSP BOARD,CKTD-KHOH
CKTD-OHAN-BNSP BOARD,KHOH
CKTD-OHAN-BNSP BOARD,BIP-KHOH
CKTD-OHAN-BNSP BOARD,BIP
CKTD-OHAN-BNSP BOARD,BIP-OHAN
CKTD-OHAN-BNSP BOARD,OHAN
CKTD-OHAN-BNSP BOARD,BNSP-OHAN
CKTD-OHAN-BNSP BOARD,BNSP
MAKR-BINA-MABA BOARD,BINA
MAKR-BINA-MABA BOARD,BINA-MAKR
MAKR-BINA-MABA BOARD,MAKR
MAKR-BINA-MABA BOARD,BINA-KIKA
MAKR-BINA-MABA BOARD,KIKA
MAKR-BINA-MABA BOARD,KIKA-MABA
MAKR-BINA-MABA BOARD,MABA
CKTD-OHAN-MKP BOARD,CKTD
CKTD-OHAN-MKP BOARD,CKTD-KHOH
CKTD-OHAN-MKP BOARD,KHOH
CKTD-OHAN-MKP BOARD,BIP-KHOH
CKTD-OHAN-MKP BOARD,BIP
CKTD-OHAN-MKP BOARD,BIP-OHAN
CKTD-OHAN-MKP BOARD,OHAN
SOE-GOPA BOARD,SOE
SOE-GOPA BOARD,GIW-SOE
SOE-GOPA BOARD,GIW
SOE-GOPA BOARD,GIW-KJP
SOE-GOPA BOARD,KJP
SOE-GOPA BOARD,IKD-KJP
SOE-GOPA BOARD,IKD
SOE-GOPA BOARD,BIB-IKD
SOE-GOPA BOARD,BIB
SOE-GOPA BOARD,BIB-SBL
SOE-GOPA BOARD,SBL
SOE-GOPA BOARD,KQS-SBL
SOE-GOPA BOARD,KQS
SOE-GOPA BOARD,JPO-KQS
SOE-GOPA BOARD,JPO
SOE-GOPA BOARD,JPO-SMV
SOE-GOPA BOARD,SMV
SOE-GOPA BOARD,BMZ-SMV
SOE-GOPA BOARD,BMZ
SOE-GOPA BOARD,BMZ-MTJL
SOE-GOPA BOARD,MTJL
SOE-GOPA BOARD,GOPA-MTJL
SOE-GOPA BOARD,GOPA
HDU-KMZ-KTES-SBD BOARD,HDU
HDU-KMZ-KTES-SBD BOARD,HDU-MJGP
HDU-KMZ-KTES-SBD BOARD,MJGP
HDU-KMZ-KTES-SBD BOARD,KMZ-MJGP
HDU-KMZ-KTES-SBD BOARD,KMZ
HDU-KMZ-KTES-SBD BOARD,KMZ-KTES
HDU-KMZ-KTES-SBD BOARD,KTES
HDU-KMZ-KTES-SBD BOARD,KTES-NWR
HDU-KMZ-KTES-SBD BOARD,NWR
HDU-KMZ-KTES-SBD BOARD,NWR-SBD
HDU-KMZ-KTES-SBD BOARD,SBD
GOPA-GWL-BLNR-RRU BOARD,GOPA
GOPA-GWL-BLNR-RRU BOARD,GOPA-GWO
GOPA-GWL-BLNR-RRU BOARD,GWO
GOPA-GWL-BLNR-RRU BOARD,GWL-GWO
GOPA-GWL-BLNR-RRU BOARD,GWL
GOPA-GWL-BLNR-RRU BOARD,BLNR
GOPA-GWL-BLNR-RRU BOARD,BLNR-GWL
GOPA-GWL-BLNR-RRU BOARD,RRU
GOPA-GWL-BLNR-RRU BOARD,BLNR-RRU
MXS-AGD-BINA BOARD,MXS
MXS-AGD-BINA BOARD,KOA-MXS
MXS-AGD-BINA BOARD,KOA
MXS-AGD-BINA BOARD,AGD-KOA
MXS-AGD-BINA BOARD,AGD
MXS-AGD-BINA BOARD,AGD-BINA
MXS-AGD-BINA BOARD,BINA
HET-RRU Board,HET
HET-RRU Board,HET-SIKD
HET-RRU Board,SIKD
HET-RRU Board,MRA-SIKD
HET-RRU Board,MRA
HET-RRU Board,MRA-SANK
HET-RRU Board,SANK
HET-RRU Board,BAO-SANK
HET-RRU Board,BAO
HET-RRU Board,BAO-RRU
HET-RRU Board,RRU
PTRU-BKLC-BRKA-RMT BOARD,PTRU
PTRU-BKLC-BRKA-RMT BOARD,BHKD-PTRU
PTRU-BKLC-BRKA-RMT BOARD,BHKD
PTRU-BKLC-BRKA-RMT BOARD,BHKD-BKLC
PTRU-BKLC-BRKA-RMT BOARD,BKLC
PTRU-BKLC-BRKA-RMT BOARD,BKLC-BRKA
PTRU-BKLC-BRKA-RMT BOARD,BRKA
BGTA-GRO-ET BOARD,BGTA
BGTA-GRO-ET BOARD,BGTA-SQL
BGTA-GRO-ET BOARD,SQL
BGTA-GRO-ET BOARD,GRO-SQL
BGTA-GRO-ET BOARD,GRO
BGTA-GRO-ET BOARD,ET-GRO
BGTA-GRO-ET BOARD,ET
PTRU-BKLC-BRKA-MESR BOARD,PTRU
PTRU-BKLC-BRKA-MESR BOARD,BHKD-PTRU
PTRU-BKLC-BRKA-MESR BOARD,BHKD
PTRU-BKLC-BRKA-MESR BOARD,BHKD-BKLC
PTRU-BKLC-BRKA-MESR BOARD,BKLC
PTRU-BKLC-BRKA-MESR BOARD,BKLC-BRKA
PTRU-BKLC-BRKA-MESR BOARD,BRKA
PTRU-BKLC-BRKA-MESR BOARD,MESR
PTRU-BKLC-BRKA-MESR BOARD,MESR-SANI
PTRU-BKLC-BRKA-MESR BOARD,SANI
PTRU-BKLC-BRKA-MESR BOARD,SANI-SDWR
PTRU-BKLC-BRKA-MESR BOARD,SDWR
PTRU-BKLC-BRKA-MESR BOARD,BRKA-SDWR
BJA-LAR-TKMG BOARD,BJA
BJA-LAR-TKMG BOARD,BJA-JHA
BJA-LAR-TKMG BOARD,JHA
BJA-LAR-TKMG BOARD,DWA-JHA
BJA-LAR-TKMG BOARD,DWA
BJA-LAR-TKMG BOARD,DWA-LAR
BJA-LAR-TKMG BOARD,LAR
BJA-LAR-TKMG BOARD,TKMG
BJA-LAR-TKMG BOARD,TKMG-UDPR
BJA-LAR-TKMG BOARD,UDPR
BJA-LAR-TKMG BOARD,BRRI-UDPR
BJA-LAR-TKMG BOARD,BRRI
BJA-LAR-TKMG BOARD,BRRI-LAR
PTRU-BKLC-BRKA-BKAC BOARD,PTRU
PTRU-BKLC-BRKA-BKAC BOARD,BHKD-PTRU
PTRU-BKLC-BRKA-BKAC BOARD,BHKD
PTRU-BKLC-BRKA-BKAC BOARD,BHKD-BKLC
PTRU-BKLC-BRKA-BKAC BOARD,BKLC
PTRU-BKLC-BRKA-BKAC BOARD,BKLC-BRKA
PTRU-BKLC-BRKA-BKAC BOARD,BRKA
PTRU-BKLC-BRKA-BKAC BOARD,BKAC
PTRU-BKLC-BRKA-BKAC BOARD,BKAC-BRKA
CKKD-TLV-MTA-KNW BOARD,CKKD
CKKD-TLV-MTA-KNW BOARD,CKKD-SGBJ
CKKD-TLV-MTA-KNW BOARD,SGBJ
CKKD-TLV-MTA-KNW BOARD,SGBJ-TLV
CKKD-TLV-MTA-KNW BOARD,TLV
CKKD-TLV-MTA-KNW BOARD,MTA-TLV
CKKD-TLV-MTA-KNW BOARD,MTA
MABN-MNV BOARD,MABN
MABN-MNV BOARD,MABN-PGA
MABN-MNV BOARD,PGA
MABN-MNV BOARD,PGA-PIGT
MABN-MNV BOARD,PIGT
MABN-MNV BOARD,PIGT-SHDR
MABN-MNV BOARD,SHDR
MABN-MNV BOARD,RIKA-SHDR
MABN-MNV BOARD,RIKA
MABN-MNV BOARD,ASKN-RIKA
MABN-MNV BOARD,ASKN
MABN-MNV BOARD,ASKN-HPKA
MABN-MNV BOARD,HPKA
MABN-MNV BOARD,HPKA-ORR
MABN-MNV BOARD,ORR
MABN-MNV BOARD,ORR-RTWS
MABN-MNV BOARD,RTWS
MABN-MNV BOARD,PIA-RTWS
MABN-MNV BOARD,PIA
MABN-MNV BOARD,GVB-PIA
MABN-MNV BOARD,GVB
MABN-MNV BOARD,GVB-MNV
MABN-MNV BOARD,MNV
BJA-LAR-JLN BOARD,BJA
BJA-LAR-JLN BOARD,BJA-JHA
BJA-LAR-JLN BOARD,JHA
BJA-LAR-JLN BOARD,DWA-JHA
BJA-LAR-JLN BOARD,DWA
BJA-LAR-JLN BOARD,DWA-LAR
BJA-LAR-JLN BOARD,LAR
BJA-LAR-JLN BOARD,JRO-LAR
BJA-LAR-JLN BOARD,JRO
BJA-LAR-JLN BOARD,JLN-JRO
BJA-LAR-JLN BOARD,JLN
PTRU-BKLC-BKAC-ARGD BOARD,PTRU
PTRU-BKLC-BKAC-ARGD BOARD,BHKD-PTRU
PTRU-BKLC-BKAC-ARGD BOARD,BHKD
PTRU-BKLC-BKAC-ARGD BOARD,BHKD-BKLC
PTRU-BKLC-BKAC-ARGD BOARD,BKLC
PTRU-BKLC-BKAC-ARGD BOARD,BKAC-BKLC
PTRU-BKLC-BKAC-ARGD BOARD,BKAC
PTRU-BKLC-BKAC-ARGD BOARD,ARGD-BKAC
PTRU-BKLC-BKAC-ARGD BOARD,ARGD
MNV-MDVK-BINA-MABA BOARD,MNV
MNV-MDVK-BINA-MABA BOARD,KXB-MNV
MNV-MDVK-BINA-MABA BOARD,KXB
MNV-MDVK-BINA-MABA BOARD,KXB-SRKI
MNV-MDVK-BINA-MABA BOARD,SRKI
MNV-MDVK-BINA-MABA BOARD,MDVK-SRKI
MNV-MDVK-BINA-MABA BOARD,MDVK
MNV-MDVK-BINA-MABA BOARD,BINA-MDVK
MNV-MDVK-BINA-MABA BOARD,BINA
MNV-MDVK-BINA-MABA BOARD,BINA-KIKA
MNV-MDVK-BINA-MABA BOARD,KIKA
MNV-MDVK-BINA-MABA BOARD,KIKA-MABA
MNV-MDVK-BINA-MABA BOARD,MABA
JLN-AGD BOARD,JLN
JLN-AGD BOARD,DUA-JLN
JLN-AGD BOARD,DUA
JLN-AGD BOARD,DUA-MXS
JLN-AGD BOARD,MXS
JLN-AGD BOARD,KOA-MXS
JLN-AGD BOARD,KOA
JLN-AGD BOARD,AGD-KOA
JLN-AGD BOARD,AGD
MNV-MDVK-AGD BOARD,MNV
MNV-MDVK-AGD BOARD,KXB-MNV
MNV-MDVK-AGD BOARD,KXB
MNV-MDVK-AGD BOARD,KXB-SRKI
MNV-MDVK-AGD BOARD,SRKI
MNV-MDVK-AGD BOARD,MDVK-SRKI
MNV-MDVK-AGD BOARD,MDVK
MNV-MDVK-AGD BOARD,AGD-MDVK
MNV-MDVK-AGD BOARD,AGD
UDMR-BIX-MLAR BOARD,BIX-SONI
UDMR-BIX-MLAR BOARD,SONI
UDMR-BIX-MLAR BOARD,GOA-SONI
UDMR-BIX-MLAR BOARD,GOA
UDMR-BIX-MLAR BOARD,GOA-MLAR
UDMR-BIX-MLAR BOARD,MLAR
UDMR-BIX-MLAR BOARD,MLAR-SAC
UDMR-BIX-MLAR BOARD,SAC
UDMR-BIX-MLAR BOARD,BLNR-SAC
UDMR-BIX-MLAR BOARD,BLNR
KFT-RCGT BOARD,KFT
KFT-RCGT BOARD,DTO-KFT
KFT-RCGT BOARD,DTO
KFT-RCGT BOARD,CNF-DTO
KFT-RCGT BOARD,CNF
KFT-RCGT BOARD,CNF-KCKI
KFT-RCGT BOARD,KCKI
KFT-RCGT BOARD,KCKI-MAZ
KFT-RCGT BOARD,MAZ
KFT-RCGT BOARD,BRWD-MAZ
KFT-RCGT BOARD,BRWD
KFT-RCGT BOARD,BRWD-CPDR
KFT-RCGT BOARD,CPDR
KFT-RCGT BOARD,CPDR-HHG
KFT-RCGT BOARD,HHG
KFT-RCGT BOARD,HHG-KMND
KFT-RCGT BOARD,KMND
KFT-RCGT BOARD,BFQ-KMND
KFT-RCGT BOARD,BFQ
KFT-RCGT BOARD,BFQ-LTHR
KFT-RCGT BOARD,LTHR
KFT-RCGT BOARD,DEMU-LTHR
KFT-RCGT BOARD,DEMU
KFT-RCGT BOARD,DEMU-RCGT
KFT-RCGT BOARD,RCGT
RCGT-TORI-BODG BOARD,RCGT
RCGT-TORI-BODG BOARD,CTQ-RCGT
RCGT-TORI-BODG BOARD,CTQ
RCGT-TORI-BODG BOARD,CTQ-TORI
RCGT-TORI-BODG BOARD,TORI
RCGT-TORI-MGME BOARD,RCGT
RCGT-TORI-MGME BOARD,CTQ-RCGT
RCGT-TORI-MGME BOARD,CTQ
RCGT-TORI-MGME BOARD,CTQ-TORI
RCGT-TORI-MGME BOARD,TORI
RCGT-TORI-MGME BOARD,MMLN-TORI
RCGT-TORI-MGME BOARD,MMLN
RCGT-TORI-MGME BOARD,MMLN-NVA
RCGT-TORI-MGME BOARD,NVA
RCGT-TORI-MGME BOARD,MGME-NVA
RCGT-TORI-MGME BOARD,MGME
MTA-TLV-CKKD BOARD,MTA-TLV
MTA-TLV-CKKD BOARD,MTA
MTA-TLV-CKKD BOARD,TLV
MTA-TLV-CKKD BOARD,SGBJ-TLV
MTA-TLV-CKKD BOARD,CKKD-SGBJ
MTA-TLV-CKKD BOARD,SGBJ
MTA-TLV-CKKD BOARD,CKKD
MGME-PTRU BOARD,MGME
MGME-PTRU BOARD,KLRE-MGME
MGME-PTRU BOARD,KLRE
MGME-PTRU BOARD,KLRE-RAY
MGME-PTRU BOARD,RAY
MGME-PTRU BOARD,KOLE-RAY
MGME-PTRU BOARD,KOLE
MGME-PTRU BOARD,HNDR-KOLE
MGME-PTRU BOARD,HNDR
MGME-PTRU BOARD,HNDR-TKS
MGME-PTRU BOARD,TKS
MGME-PTRU BOARD,PTRU-TKS
MGME-PTRU BOARD,PTRU
CKKD-TLV-MTA-KBCB BOARD,CKKD
CKKD-TLV-MTA-KBCB BOARD,CKKD-SGBJ
CKKD-TLV-MTA-KBCB BOARD,SGBJ
CKKD-TLV-MTA-KBCB BOARD,SGBJ-TLV
CKKD-TLV-MTA-KBCB BOARD,TLV
CKKD-TLV-MTA-KBCB BOARD,MTA-TLV
CKKD-TLV-MTA-KBCB BOARD,MTA
KTKD-NKJ-KTES-SBD BOARD,NKJ
KTKD-NKJ-KTES-SBD BOARD,KTKD-NKJ
KTKD-NKJ-KTES-SBD BOARD,KTKD
KTKD-NKJ-KTES-SBD BOARD,KTES-NKJ
KTKD-NKJ-KTES-SBD BOARD,KTES
KTKD-NKJ-KTES-SBD BOARD,KTES-NWR
KTKD-NKJ-KTES-SBD BOARD,NWR
KTKD-NKJ-KTES-SBD BOARD,NWR-SBD
KTKD-NKJ-KTES-SBD BOARD,SBD
PNHR-GWL-BLNR-RRU BOARD,GWL
PNHR-GWL-BLNR-RRU BOARD,GWL-PNHR
PNHR-GWL-BLNR-RRU BOARD,PNHR
PNHR-GWL-BLNR-RRU BOARD,BLNR
PNHR-GWL-BLNR-RRU BOARD,BLNR-GWL
PNHR-GWL-BLNR-RRU BOARD,RRU
PNHR-GWL-BLNR-RRU BOARD,BLNR-RRU
SBD-JBP BOARD,SBD
SBD-JBP BOARD,DDCE-SBD
SBD-JBP BOARD,DDCE
SBD-JBP BOARD,DDCE-SHR
SBD-JBP BOARD,SHR
SBD-JBP BOARD,GSPR-SHR
SBD-JBP BOARD,GSPR
SBD-JBP BOARD,DOE-GSPR
SBD-JBP BOARD,DOE
SBD-JBP BOARD,ADTL-DOE
SBD-JBP BOARD,ADTL
SBD-JBP BOARD,ADTL-JBP
SBD-JBP BOARD,JBP
ERC-PIC BOARD,ERC
ERC-PIC BOARD,ERC-MOTH
ERC-PIC BOARD,MOTH
ERC-PIC BOARD,MOTH-NDK
ERC-PIC BOARD,NDK
ERC-PIC BOARD,CGN-NDK
ERC-PIC BOARD,CGN
ERC-PIC BOARD,CGN-PIC
ERC-PIC BOARD,PIC
KNH-AIT-ERC BOARD,KNH
KNH-AIT-ERC BOARD,AIT-KNH
KNH-AIT-ERC BOARD,AIT
KNH-AIT-ERC BOARD,AIT-PRN
KNH-AIT-ERC BOARD,PRN
KNH-AIT-ERC BOARD,ERC-PRN
KNH-AIT-ERC BOARD,ERC
PNHR-GWL-BLNR-MLAR BOARD,GWL
PNHR-GWL-BLNR-MLAR BOARD,GWL-PNHR
PNHR-GWL-BLNR-MLAR BOARD,PNHR
PNHR-GWL-BLNR-MLAR BOARD,BLNR
PNHR-GWL-BLNR-MLAR BOARD,BLNR-GWL
PNHR-GWL-BLNR-MLAR BOARD,MLAR
PNHR-GWL-BLNR-MLAR BOARD,MLAR-SAC
PNHR-GWL-BLNR-MLAR BOARD,SAC
PNHR-GWL-BLNR-MLAR BOARD,BLNR-SAC
MABA-BVB BOARD,MABA
MABA-BVB BOARD,KAH-MABA
MABA-BVB BOARD,KAH
MABA-BVB BOARD,CLHT-KAH
MABA-BVB BOARD,CLHT
MABA-BVB BOARD,BET-CLHT
MABA-BVB BOARD,BET
MABA-BVB BOARD,BAQ-BET
MABA-BVB BOARD,BAQ
MABA-BVB BOARD,BAQ-PAI
MABA-BVB BOARD,PAI
MABA-BVB BOARD,GLG-PAI
MABA-BVB BOARD,GLG
MABA-BVB BOARD,GLG-SUMR
MABA-BVB BOARD,SUMR
MABA-BVB BOARD,SORI-SUMR
MABA-BVB BOARD,SORI
MABA-BVB BOARD,BHS-SORI
MABA-BVB BOARD,BHS
MABA-BVB BOARD,BHS-SCI
MABA-BVB BOARD,SCI
MABA-BVB BOARD,SCI-SMT
MABA-BVB BOARD,SMT
MABA-BVB BOARD,DWG-SMT
MABA-BVB BOARD,DWG
MABA-BVB BOARD,BVB-DWG
MABA-BVB BOARD,BVB
JBP-KEQ-BHTN BOARD,JBP
JBP-KEQ-BHTN BOARD,JBP-MML
JBP-KEQ-BHTN BOARD,MML
JBP-KEQ-BHTN BOARD,KEQ-MML
JBP-KEQ-BHTN BOARD,KEQ
JBP-KEQ-BHTN BOARD,BRGT-KEQ
JBP-KEQ-BHTN BOARD,BRGT
JBP-KEQ-BHTN BOARD,BHTN-BRGT
JBP-KEQ-BHTN BOARD,BHTN
BVB-NSZ-SHRN-BQE BOARD,BVB
BVB-NSZ-SHRN-BQE BOARD,BVB-SUW
BVB-NSZ-SHRN-BQE BOARD,SUW
BVB-NSZ-SHRN-BQE BOARD,NSZ-SUW
BVB-NSZ-SHRN-BQE BOARD,NSZ
BVB-NSZ-SHRN-BQE BOARD,NSZ-SHRN
BVB-NSZ-SHRN-BQE BOARD,SHRN
DNWR-NGRH BOARD,DNWR
DNWR-NGRH BOARD,DNWR-REMA
DNWR-NGRH BOARD,REMA
DNWR-NGRH BOARD,JAUA-REMA
DNWR-NGRH BOARD,JAUA
DNWR-NGRH BOARD,JAUA-KWAR
DNWR-NGRH BOARD,KWAR
DNWR-NGRH BOARD,KWAR-SLIA
DNWR-NGRH BOARD,SLIA
DNWR-NGRH BOARD,NGRH-SLIA
DNWR-NGRH BOARD,NGRH
PDMA-KQR-SMND BOARD,PDMA
PDMA-KQR-SMND BOARD,BRHI-PDMA
PDMA-KQR-SMND BOARD,BRHI
PDMA-KQR-SMND BOARD,BRHI-PADH
PDMA-KQR-SMND BOARD,PADH
PDMA-KQR-SMND BOARD,KQR-PADH
PDMA-KQR-SMND BOARD,KQR
PDMA-KQR-SMND BOARD,KQR-LRB
PDMA-KQR-SMND BOARD,LRB
PDMA-KQR-SMND BOARD,HRE-LRB
PDMA-KQR-SMND BOARD,HRE
PDMA-KQR-SMND BOARD,HRE-SMND
PDMA-KQR-SMND BOARD,SMND
MXS-AGD-MAKR BOARD,MXS
MXS-AGD-MAKR BOARD,KOA-MXS
MXS-AGD-MAKR BOARD,KOA
MXS-AGD-MAKR BOARD,AGD-KOA
MXS-AGD-MAKR BOARD,AGD
MXS-AGD-MAKR BOARD,AGD-MAKR
MXS-AGD-MAKR BOARD,MAKR
MXS-AGD-MDVK BOARD,MXS
MXS-AGD-MDVK BOARD,KOA-MXS
MXS-AGD-MDVK BOARD,KOA
MXS-AGD-MDVK BOARD,AGD-KOA
MXS-AGD-MDVK BOARD,AGD
MXS-AGD-MDVK BOARD,AGD-MDVK
MXS-AGD-MDVK BOARD,MDVK
MAKR-HDU BOARD,MAKR
MAKR-HDU BOARD,BJQ-MAKR
MAKR-HDU BOARD,BJQ
MAKR-HDU BOARD,BJQ-KYE
MAKR-HDU BOARD,KYE
MAKR-HDU BOARD,KYE-SMRR
MAKR-HDU BOARD,SMRR
MAKR-HDU BOARD,JRK-SMRR
MAKR-HDU BOARD,JRK
MAKR-HDU BOARD,ISH-JRK
MAKR-HDU BOARD,ISH
MAKR-HDU BOARD,ISH-NOI
MAKR-HDU BOARD,NOI
MAKR-HDU BOARD,NOI-RTZ
MAKR-HDU BOARD,RTZ
MAKR-HDU BOARD,RTZ-SGO
MAKR-HDU BOARD,SGO
MAKR-HDU BOARD,MKRN-SGO
MAKR-HDU BOARD,MKRN
MAKR-HDU BOARD,LDA-MKRN
MAKR-HDU BOARD,LDA
MAKR-HDU BOARD,GW-LDA
MAKR-HDU BOARD,GW
MAKR-HDU BOARD,DGD-GW
MAKR-HDU BOARD,DGD
MAKR-HDU BOARD,DGD-GAJ
MAKR-HDU BOARD,GAJ
MAKR-HDU BOARD,GAJ-PHA
MAKR-HDU BOARD,PHA
MAKR-HDU BOARD,ANA-PHA
MAKR-HDU BOARD,ANA
MAKR-HDU BOARD,ANA-DMO
MAKR-HDU BOARD,DMO
MAKR-HDU BOARD,DMO-KYX
MAKR-HDU BOARD,KYX
MAKR-HDU BOARD,BNU-KYX
MAKR-HDU BOARD,BNU
MAKR-HDU BOARD,BNU-GEA
MAKR-HDU BOARD,GEA
MAKR-HDU BOARD,GEA-GTY
MAKR-HDU BOARD,GTY
MAKR-HDU BOARD,GTY-SAO
MAKR-HDU BOARD,SAO
MAKR-HDU BOARD,RTGN-SAO
MAKR-HDU BOARD,RTGN
MAKR-HDU BOARD,RTGN-SYA
MAKR-HDU BOARD,SYA
MAKR-HDU BOARD,BQQ-SYA
MAKR-HDU BOARD,BQQ
MAKR-HDU BOARD,BQQ-REI
MAKR-HDU BOARD,REI
MAKR-HDU BOARD,PTHD-REI
MAKR-HDU BOARD,PTHD
MAKR-HDU BOARD,HDU-PTHD
MAKR-HDU BOARD,HDU
PNHR-GWL-MTJL BOARD,GWL
PNHR-GWL-MTJL BOARD,GWL-PNHR
PNHR-GWL-MTJL BOARD,PNHR
PNHR-GWL-MTJL BOARD,MTJL
PNHR-GWL-MTJL BOARD,GOPA-MTJL
PNHR-GWL-MTJL BOARD,GOPA
PNHR-GWL-MTJL BOARD,GOPA-GWO
PNHR-GWL-MTJL BOARD,GWO
PNHR-GWL-MTJL BOARD,GWL-GWO
AGD-BINA-MABA BOARD,BINA
AGD-BINA-MABA BOARD,AGD-BINA
AGD-BINA-MABA BOARD,AGD
AGD-BINA-MABA BOARD,BINA-KIKA
AGD-BINA-MABA BOARD,KIKA
AGD-BINA-MABA BOARD,KIKA-MABA
AGD-BINA-MABA BOARD,MABA
BKAC-ARGD-BES BOARD,BKAC
BKAC-ARGD-BES BOARD,ARGD-BKAC
BKAC-ARGD-BES BOARD,ARGD
BKAC-ARGD-BES BOARD,ARGD-KUJU
BKAC-ARGD-BES BOARD,KUJU
BKAC-ARGD-BES BOARD,CHRI-KUJU
BKAC-ARGD-BES BOARD,CHRI
BKAC-ARGD-BES BOARD,BES-CHRI
BKAC-ARGD-BES BOARD,BES
BES-PDMA BOARD,BES
BES-PDMA BOARD,BES-HZBN
BES-PDMA BOARD,HZBN
BES-PDMA BOARD,HZBN-KSNA
BES-PDMA BOARD,KSNA
BES-PDMA BOARD,KKAS-KSNA
BES-PDMA BOARD,KKAS
BES-PDMA BOARD,KAGA-KKAS
BES-PDMA BOARD,KAGA
BES-PDMA BOARD,KAGA-PDMA
BES-PDMA BOARD,PDMA
Overview,MAKR
Overview,MAKR-MDVK
Overview,MDVK
Overview,AGD-MAKR
Overview,AGD
Overview,BINA-MAKR
Overview,BINA
Overview,BJQ-MAKR
Overview,BJQ
Overview,BJQ-KYE
Overview,KYE
Overview,KYE-SMRR
Overview,SMRR
Overview,JRK-SMRR
Overview,JRK
Overview,ISH-JRK
Overview,ISH
Overview,ISH-NOI
Overview,NOI
Overview,NOI-RTZ
Overview,RTZ
Overview,RTZ-SGO
Overview,SGO
Overview,MKRN-SGO
Overview,MKRN
Overview,LDA-MKRN
Overview,LDA
Overview,GW-LDA
Overview,GW
Overview,DGD-GW
Overview,DGD
Overview,DGD-GAJ
Overview,GAJ
Overview,GAJ-PHA
Overview,PHA
Overview,ANA-PHA
Overview,ANA
Overview,ANA-DMO
Overview,DMO
Overview,DMO-KYX
Overview,KYX
Overview,BNU-KYX
Overview,BNU
Overview,BNU-GEA
Overview,GEA
Overview,GEA-GTY
Overview,GTY
Overview,GTY-SAO
Overview,SAO
Overview,RTGN-SAO
Overview,RTGN
Overview,RTGN-SYA
Overview,SYA
Overview,BQQ-SYA
Overview,BQQ
Overview,BQQ-REI
Overview,REI
Overview,PTHD-REI
Overview,PTHD
Overview,HDU-PTHD
Overview,HDU
Overview,HDU-MJGP
Overview,MJGP
Overview,KMZ-MJGP
Overview,KMZ
Overview,BNSP
Overview,BNSP-BQF
Overview,BQF
Overview,BQF-MKD
Overview,MKD
Overview,MKD-TKYR
Overview,TKYR
Overview,MJG-TKYR
Overview,MJG
Overview,CTHR-MJG
Overview,CTHR
Overview,CTHR-KTHA
Overview,KTHA
Overview,JTW-KTHA
Overview,JTW
Overview,JTW-SAGM
Overview,SAGM
Overview,BNSP-OHAN
Overview,OHAN
Overview,REWA
Overview,REWA-TZR
Overview,TZR
Overview,BGHI-TZR
Overview,BGHI
Overview,BGHI-HNM
Overview,HNM
Overview,HNM-SKAR
Overview,SKAR
Overview,KMA-SKAR
Overview,KMA
Overview,KMA-STA
Overview,STA
Overview,SAGM-STA
Overview,LGCE-STA
Overview,LGCE
Overview,LGCE-UHR
Overview,UHR
Overview,MYR-UHR
Overview,MYR
Overview,BUU-MYR
Overview,BUU
Overview,BUU-UDR
Overview,UDR
Overview,PKRD-UDR
Overview,PKRD
Overview,JKE-PKRD
Overview,JKE
Overview,JKE-PTWA
Overview,PTWA
Overview,KTE-PTWA
Overview,KTE
Overview,KMZ-NKJ
Overview,NKJ
Overview,KMZ-KTES
Overview,KTES
Overview,KTE-NKJ
Overview,KMZ-KTE
Overview,KTE-KTES
Overview,KTES-NWR
Overview,NWR
Overview,NWR-SBD
Overview,SBD
Overview,DDCE-SBD
Overview,DDCE
Overview,DDCE-SHR
Overview,SHR
Overview,GSPR-SHR
Overview,GSPR
Overview,DOE-GSPR
Overview,DOE
Overview,ADTL-DOE
Overview,ADTL
Overview,ADTL-JBP
Overview,JBP
Overview,KTKD-NKJ
Overview,KTKD
Overview,KTKD-SLHA
Overview,SLHA
Overview,PWK-SLHA
Overview,PWK
Overview,KHBJ-PWK
Overview,KHBJ
Overview,KHBJ-MFQ
Overview,MFQ
Overview,MFQ-VST
Overview,VST
Overview,CTJ-VST
Overview,CTJ
Overview,BEHR-CTJ
Overview,BEHR
Overview,BARD-BEHR
Overview,BARD
Overview,BARD-JOBA
Overview,JOBA
Overview,JOBA-MWJ
Overview,MWJ
Overview,MWJ-NWB
Overview,NWB
Overview,BSDL-NWB
Overview,BSDL
Overview,BSDL-SSGJ
Overview,SSGJ
Overview,SGAM-SSGJ
Overview,SGAM
Overview,GAJB-SGAM
Overview,GAJB
Overview,DRGM-GAJB
Overview,DRGM
Overview,DRGM-MZHL
Overview,MZHL
Overview,BRGW-MZHL
Overview,BRGW
Overview,BRGW-GNDI
Overview,GNDI
Overview,KTES-NKJ
Overview,JBP-MML
Overview,MML
Overview,KEQ-MML
Overview,KEQ
Overview,BRGT-KEQ
Overview,BRGT
Overview,BHTN-BRGT
Overview,BHTN
Overview,BHTN-BMR
Overview,BMR
Overview,BMR-SRID
Overview,SRID
Overview,KKB-SRID
Overview,KKB
Overview,BELD-KKB
Overview,BELD
Overview,BELD-GPC
Overview,GPC
Overview,GPC-NU
Overview,NU
Overview,KY-NU
Overview,KY
Overview,BNE-KY
Overview,BNE
Overview,BNE-BNJH
Overview,BNJH
Overview,BNJH-GAR
Overview,GAR
Overview,GAR-SCKR
Overview,SCKR
Overview,BKH-SCKR
Overview,BKH
Overview,BKH-PPI
Overview,PPI
Overview,PPI-SGP
Overview,SGP
Overview,GMD-SGP
Overview,GMD
Overview,BGTA-GMD
Overview,BGTA
Overview,BGTA-SQL
Overview,SQL
Overview,GRO-SQL
Overview,GRO
Overview,GNDI-MHDA
Overview,MHDA
Overview,ET-GRO
Overview,ET
SSKI-AIT-ERC BOARD,SSKI
SSKI-AIT-ERC BOARD,ORAI-SSKI
SSKI-AIT-ERC BOARD,ORAI
SSKI-AIT-ERC BOARD,BHUA-ORAI
SSKI-AIT-ERC BOARD,BHUA
SSKI-AIT-ERC BOARD,AIT-BHUA
SSKI-AIT-ERC BOARD,AIT
SSKI-AIT-ERC BOARD,AIT-PRN
SSKI-AIT-ERC BOARD,PRN
SSKI-AIT-ERC BOARD,ERC-PRN
SSKI-AIT-ERC BOARD,ERC
PDMA-KQR-LBZ BOARD,PDMA
PDMA-KQR-LBZ BOARD,BRHI-PDMA
PDMA-KQR-LBZ BOARD,BRHI
PDMA-KQR-LBZ BOARD,BRHI-PADH
PDMA-KQR-LBZ BOARD,PADH
PDMA-KQR-LBZ BOARD,KQR-PADH
PDMA-KQR-LBZ BOARD,KQR
PDMA-KQR-LBZ BOARD,LBZ
PDMA-KQR-LBZ BOARD,GJD-LBZ
PDMA-KQR-LBZ BOARD,GJD
PDMA-KQR-LBZ BOARD,GJD-KQR
BHTN-GRO BOARD,BHTN
BHTN-GRO BOARD,BHTN-BMR
BHTN-GRO BOARD,BMR
BHTN-GRO BOARD,BMR-SRID
BHTN-GRO BOARD,SRID
BHTN-GRO BOARD,KKB-SRID
BHTN-GRO BOARD,KKB
BHTN-GRO BOARD,BELD-KKB
BHTN-GRO BOARD,BELD
BHTN-GRO BOARD,BELD-GPC
BHTN-GRO BOARD,GPC
BHTN-GRO BOARD,GPC-NU
BHTN-GRO BOARD,NU
BHTN-GRO BOARD,KY-NU
BHTN-GRO BOARD,KY
BHTN-GRO BOARD,BNE-KY
BHTN-GRO BOARD,BNE
BHTN-GRO BOARD,BNE-BNJH
BHTN-GRO BOARD,BNJH
BHTN-GRO BOARD,BNJH-GAR
BHTN-GRO BOARD,GAR
BHTN-GRO BOARD,GAR-SCKR
BHTN-GRO BOARD,SCKR
BHTN-GRO BOARD,BKH-SCKR
BHTN-GRO BOARD,BKH
BHTN-GRO BOARD,BKH-PPI
BHTN-GRO BOARD,PPI
BHTN-GRO BOARD,PPI-SGP
BHTN-GRO BOARD,SGP
BHTN-GRO BOARD,GMD-SGP
BHTN-GRO BOARD,GMD
BHTN-GRO BOARD,BGTA-GMD
BHTN-GRO BOARD,BGTA
BHTN-GRO BOARD,BGTA-SQL
BHTN-GRO BOARD,SQL
BHTN-GRO BOARD,GRO-SQL
BHTN-GRO BOARD,GRO
BNF-LBZ BOARD,BNF
BNF-LBZ BOARD,BNF-TKN
BNF-LBZ BOARD,TKN
BNF-LBZ BOARD,BNSL-TKN
BNF-LBZ BOARD,BNSL
BNF-LBZ BOARD,BNSL-PRP
BNF-LBZ BOARD,PRP
BNF-LBZ BOARD,GAP-PRP
BNF-LBZ BOARD,GAP
BNF-LBZ BOARD,GAP-YGM
BNF-LBZ BOARD,YGM
BNF-LBZ BOARD,BSCP-YGM
BNF-LBZ BOARD,BSCP
BNF-LBZ BOARD,BSCP-NGY
BNF-LBZ BOARD,NGY
BNF-LBZ BOARD,DLW-NGY
BNF-LBZ BOARD,DLW
BNF-LBZ BOARD,DLW-LBZ
BNF-LBZ BOARD,LBZ
LLR-SSKI BOARD,LLR
LLR-SSKI BOARD,LLR-MLS
LLR-SSKI BOARD,MLS
LLR-SSKI BOARD,MLS-PHN
LLR-SSKI BOARD,PHN
LLR-SSKI BOARD,CNH-PHN
LLR-SSKI BOARD,CNH
LLR-SSKI BOARD,CNH-KPI
LLR-SSKI BOARD,KPI
LLR-SSKI BOARD,KPI-URG
LLR-SSKI BOARD,URG
LLR-SSKI BOARD,ATA-URG
LLR-SSKI BOARD,ATA
LLR-SSKI BOARD,ATA-SSKI
LLR-SSKI BOARD,SSKI
MKC-SFY-PFR BOARD,SFW-SFY
MKC-SFY-PFR BOARD,SFW
MKC-SFY-PFR BOARD,PQU-SFW
MKC-SFY-PFR BOARD,PQU
MKC-SFY-PFR BOARD,PFR-PQU
MKC-SFY-PFR BOARD,PFR
PDMA-KQR-DNWR BOARD,PDMA
PDMA-KQR-DNWR BOARD,BRHI-PDMA
PDMA-KQR-DNWR BOARD,BRHI
PDMA-KQR-DNWR BOARD,BRHI-PADH
PDMA-KQR-DNWR BOARD,PADH
PDMA-KQR-DNWR BOARD,KQR-PADH
PDMA-KQR-DNWR BOARD,KQR
PDMA-KQR-DNWR BOARD,KQR-KQRT
PDMA-KQR-DNWR BOARD,KQRT
PDMA-KQR-DNWR BOARD,KQRT-NWDH
PDMA-KQR-DNWR BOARD,NWDH
PDMA-KQR-DNWR BOARD,DNWR-NWDH
PDMA-KQR-DNWR BOARD,DNWR
LLR-BZM-GTM BOARD,BZM
LLR-BZM-GTM BOARD,BZM-RPGU
LLR-BZM-GTM BOARD,RPGU
LLR-BZM-GTM BOARD,PMN-RPGU
LLR-BZM-GTM BOARD,PMN
LLR-BZM-GTM BOARD,LLR-PMN
LLR-BZM-GTM BOARD,LLR
LLR-BZM-GTM BOARD,BZM-KTRR
LLR-BZM-GTM BOARD,KTRR
LLR-BZM-GTM BOARD,KTRR-PTRE
LLR-BZM-GTM BOARD,PTRE
LLR-BZM-GTM BOARD,GTM-PTRE
LLR-BZM-GTM BOARD,GTM
GTM-AKW BOARD,GTM
GTM-AKW BOARD,GTM-HAR
GTM-AKW BOARD,HAR
GTM-AKW BOARD,HAR-JSB
GTM-AKW BOARD,JSB
GTM-AKW BOARD,BSZ-JSB
GTM-AKW BOARD,BSZ
GTM-AKW BOARD,BSZ-RGU
GTM-AKW BOARD,RGU
GTM-AKW BOARD,AKW-RGU
GTM-AKW BOARD,AKW
MHDA-GNDI BOARD,MHDA
MHDA-GNDI BOARD,GNDI-MHDA
MHDA-GNDI BOARD,GNDI
Overview,SKTN
Overview,KRSL-SKTN
Overview,KRSL
Overview,ANPR-KRSL
Overview,ANPR
Overview,ANPR-KRLR
Overview,KRLR
Overview,MHDA
Overview,GNDI-MHDA
Overview,GNDI
Overview,MHDA-SGRL
Overview,SGRL
Overview,CHRK-SGRL
Overview,CHRK
Overview,CHRK-KRLR
Overview,KRLR-MCQ
Overview,MCQ
Overview,KDRD-MCQ
Overview,KDRD
Overview,KDRD-MWF
Overview,MWF
Overview,MWF-PPKD
Overview,PPKD
Overview,OBR-PPKD
Overview,OBR
Overview,OBAC-OBR
Overview,OBAC
Overview,BXLL-OBAC
Overview,BXLL
Overview,BXLL-CPU
Overview,BXLL-SLBN
Overview,SLBN
Overview,GMX-SLBN
Overview,GMX
Overview,GMX-JGF
Overview,JGF
Overview,JGF-RNQ
Overview,RNQ
Overview,MPF-RNQ
Overview,MPF
Overview,JRQ-MPF
Overview,JRQ
Overview,DXN-JRQ
Overview,DXN
Overview,DXN-MXY
Overview,MXY
Overview,MXY-WDM
Overview,WDM
Overview,NUQ-WDM
Overview,NUQ
Overview,NUQ-RMF
Overview,RMF
Overview,MQX-RMF
Overview,MQX
Overview,GHQ-MQX
Overview,GHQ
Overview,GHQ-GRLC
Overview,GRLC
Overview,GHD-GHQ
Overview,GHD
Overview,GHD-TRZ
Overview,TRZ
Overview,RHR-TRZ
Overview,RHR
Overview,KFT-RHR
Overview,KFT
Overview,DTO-KFT
Overview,DTO
Overview,CNF-DTO
Overview,CNF
Overview,CNF-KCKI
Overview,KCKI
Overview,KCKI-MAZ
Overview,MAZ
Overview,BRWD-MAZ
Overview,BRWD
Overview,BRWD-CPDR
Overview,CPDR
Overview,CPDR-HHG
Overview,HHG
Overview,HHG-KMND
Overview,KMND
Overview,BFQ-KMND
Overview,BFQ
Overview,BFQ-LTHR
Overview,LTHR
Overview,DEMU-LTHR
Overview,DEMU
Overview,DEMU-RCGT
Overview,RCGT
Overview,CTQ-RCGT
Overview,CTQ
Overview,CTQ-TORI
Overview,TORI
Overview,MMLN-TORI
Overview,MMLN
Overview,MMLN-NVA
Overview,NVA
Overview,MGME-NVA
Overview,MGME
Overview,KLRE-MGME
Overview,KLRE
Overview,KLRE-RAY
Overview,RAY
Overview,KOLE-RAY
Overview,KOLE
Overview,HNDR-KOLE
Overview,HNDR
Overview,HNDR-TKS
Overview,TKS
Overview,PTRU-TKS
Overview,PTRU
Overview,BHKD-PTRU
Overview,BHKD
Overview,BHKD-BKLC
Overview,BKLC
Overview,MESR
Overview,MESR-SANI
Overview,SANI
Overview,SANI-SDWR
Overview,SDWR
Overview,BRKA-SDWR
Overview,BRKA
Overview,BKLC-BRKA
Overview,BKAC-BKLC
Overview,BKAC
Overview,ARGD-BKAC
Overview,ARGD
Overview,BKAC-BRKA
Overview,ARGD-KUJU
Overview,KUJU
Overview,CHRI-KUJU
Overview,CHRI
Overview,BES-CHRI
Overview,BES
Overview,BES-HZBN
Overview,HZBN
Overview,HZBN-KSNA
Overview,KSNA
Overview,KKAS-KSNA
Overview,KKAS
Overview,KAGA-KKAS
Overview,KAGA
Overview,KAGA-PDMA
Overview,PDMA
Overview,BRHI-PDMA
Overview,BRHI
Overview,BRHI-PADH
Overview,PADH
Overview,KQR-PADH
Overview,KQR
Overview,ARGD-RRME
Overview,RRME
Overview,KMHT-RRME
Overview,KMHT
Overview,CNPR-KMHT
Overview,CNPR
Overview,CNPR-JGBR
Overview,JGBR
Overview,DNEA-JGBR
Overview,DNEA
Overview,DMBR-DNEA
Overview,DMBR
Overview,DMBR-GMIA
Overview,GMIA
Overview,BKRO-GMIA
Overview,BKRO
Overview,BKRO-JAN
Overview,JAN
Overview,BRMO-JAN
Overview,BRMO
Overview,AMLO-BRMO
Overview,AMLO
Overview,AMLO-PUS
Overview,PUS
Overview,BHME-PUS
Overview,BHME
Overview,BHME-CRP
Overview,CRP
Overview,BNF-TKN
Overview,TKN
Overview,BNSL-TKN
Overview,BNSL
Overview,BNSL-PRP
Overview,PRP
Overview,GAP-PRP
Overview,GAP
Overview,GAP-YGM
Overview,YGM
Overview,BSCP-YGM
Overview,BSCP
Overview,BSCP-NGY
Overview,NGY
Overview,DLW-NGY
Overview,DLW
Overview,DLW-LBZ
Overview,LBZ
Overview,GJD-LBZ
Overview,GJD
Overview,GJD-KQR
Overview,KQR-KQRT
Overview,KQRT
Overview,KQRT-NWDH
Overview,NWDH
Overview,DNWR-NWDH
Overview,DNWR
Overview,DNWR-REMA
Overview,REMA
Overview,JAUA-REMA
Overview,JAUA
Overview,JAUA-KWAR
Overview,KWAR
Overview,KWAR-SLIA
Overview,SLIA
Overview,NGRH-SLIA
Overview,NGRH
Overview,KQR-LRB
Overview,LRB
Overview,HRE-LRB
Overview,HRE
Overview,HRE-SMND
Overview,SMND
Overview,SMND-YDD
Overview,YDD
Overview,PSB-YDD
Overview,PSB
Overview,DSME-PSB
Overview,DSME
Overview,CBH-DSME
Overview,CBH
Overview,CBH-KSHR
Overview,KSHR
Overview,HZD-KSHR
Overview,HZD
Overview,GRBH-HZD
Overview,GRBH
Overview,CCK-GRBH
Overview,CCK
Overview,CCK-KRMB
Overview,KRMB
Overview,CDB-KRMB
Overview,CDB
Overview,CDB-CEME
Overview,CEME
Overview,CEME-PNME
Overview,PNME
Overview,NMG-PNME
Overview,NMG
Overview,BLME-NMG
Overview,BLME
Overview,BLME-GMO
Overview,GMO
Overview,RJB
Overview,CRP-RJB
Overview,CRP-JNN
Overview,JNN
Overview,CRP-JNNA
Overview,JNNA
Overview,JNNA-PLJE
Overview,PLJE
Overview,PLJE-SZE
Overview,SZE
Overview,KTH-SZE
Overview,KTH
Overview,CRP-TELO
Overview,TELO
Overview,GMO-TELO
Overview,GMO-MRQ
Overview,MRQ
Overview,MRQ-NPJE
Overview,NPJE
Overview,KTH-NPJE
Overview,NPJE-TET
Overview,TET
Overview,BHN-TET
Overview,BHN
Overview,BHN-DHN
Overview,DHN
Overview,KTH-SJA
Overview,SJA
Overview,BZS-SJA
Overview,BZS
Overview,BZS-KDS
Overview,KDS
Overview,DHN-KDS
Overview,DHN-DOKM
Overview,DOKM
Overview,DOKM-PKA
Overview,PKA
Overview,PKA-RKJE
Overview,RKJE
Overview,RKJE-SDBH
Overview,SDBH
Overview,PEH-SDBH
Overview,PEH
Overview,SDBH-SNMY
Overview,SNMY
Overview,SNDT-SNMY
Overview,SNDT
MDDP-HBD BOARD,MDDP
MDDP-HBD BOARD,ITKL-MDDP
MDDP-HBD BOARD,ITKL
MDDP-HBD BOARD,ITKL-ODG
MDDP-HBD BOARD,ODG
MDDP-HBD BOARD,BKA-ODG
MDDP-HBD BOARD,BKA
MDDP-HBD BOARD,BKA-CHQ
MDDP-HBD BOARD,CHQ
MDDP-HBD BOARD,CHQ-MIG
MDDP-HBD BOARD,MIG
MDDP-HBD BOARD,BNI-MIG
MDDP-HBD BOARD,BNI
MDDP-HBD BOARD,BNI-HBD
MDDP-HBD BOARD,HBD
HBD-ET-GRO BOARD,HBD
HBD-ET-GRO BOARD,HBD-PRKD
HBD-ET-GRO BOARD,PRKD
HBD-ET-GRO BOARD,ET-PRKD
HBD-ET-GRO BOARD,ET
HBD-ET-GRO BOARD,ET-GRO
HBD-ET-GRO BOARD,GRO
Overview,SFW-SFY
Overview,SFW
Overview,PQU-SFW
Overview,PQU
Overview,PFR-PQU
Overview,PFR
Overview,BRRG-PFR
Overview,BRRG
Overview,BRRG-SFZ
Overview,SFZ
Overview,CBK-SFZ
Overview,CBK
Overview,CBK-KHRJ
Overview,KHRJ
Overview,KHRJ-VJP
Overview,VJP
Overview,RTA-VJP
Overview,RTA
Overview,MUGA-RTA
Overview,MUGA
Overview,GUNA-MUGA
Overview,GUNA
Overview,GUNA-MINA
Overview,MINA
Overview,BDWS-MINA
Overview,BDWS
Overview,BDWS-KLRS
Overview,KLRS
Overview,KLRS-SVPI
Overview,SVPI
Overview,PARH-SVPI
Overview,PARH
Overview,MOJ-PARH
Overview,MOJ
Overview,GHAI-MOJ
Overview,GHAI
Overview,GHAI-PNHR
Overview,PNHR
Overview,GUNA-MABN
Overview,MABN
Overview,MABN-PGA
Overview,PGA
Overview,PGA-PIGT
Overview,PIGT
Overview,PIGT-SHDR
Overview,SHDR
Overview,RIKA-SHDR
Overview,RIKA
Overview,ASKN-RIKA
Overview,ASKN
Overview,ASKN-HPKA
Overview,HPKA
Overview,HPKA-ORR
Overview,ORR
Overview,ORR-RTWS
Overview,RTWS
Overview,PIA-RTWS
Overview,PIA
Overview,GVB-PIA
Overview,GVB
Overview,GVB-MNV
Overview,MNV
Overview,KXB-MNV
Overview,KXB
Overview,KXB-SRKI
Overview,SRKI
Overview,MDVK-SRKI
Overview,MDVK
Overview,GWL-PNHR
Overview,GWL
Overview,AGD-MDVK
Overview,AGD
Overview,BINA-MDVK
Overview,BINA
Overview,MAKR-MDVK
Overview,MAKR
Overview,BINA-KIKA
Overview,KIKA
Overview,KIKA-MABA
Overview,MABA
Overview,KAH-MABA
Overview,KAH
Overview,CLHT-KAH
Overview,CLHT
Overview,BET-CLHT
Overview,BET
Overview,BAQ-BET
Overview,BAQ
Overview,BAQ-PAI
Overview,PAI
Overview,GLG-PAI
Overview,GLG
Overview,GLG-SUMR
Overview,SUMR
Overview,SORI-SUMR
Overview,SORI
Overview,BHS-SORI
Overview,BHS
Overview,BHS-SCI
Overview,SCI
Overview,SCI-SMT
Overview,SMT
Overview,DWG-SMT
Overview,DWG
Overview,BVB-DWG
Overview,BVB
Overview,BVB-SUW
Overview,SUW
Overview,NSZ-SUW
Overview,NSZ
Overview,BINA-MAKR
Overview,AGD-BINA
Overview,NSZ-SHRN
Overview,SHRN
Overview,BPL-NSZ
Overview,BPL
Overview,BPL-SHRN
Overview,BPL-RKMP
Overview,RKMP
Overview,MSO-RKMP
Overview,MSO
Overview,MDDP-MSO
Overview,MDDP
Overview,ITKL-MDDP
Overview,ITKL
Overview,ITKL-ODG
Overview,ODG
Overview,BKA-ODG
Overview,BKA
Overview,BKA-CHQ
Overview,CHQ
Overview,CHQ-MIG
Overview,MIG
Overview,BNI-MIG
Overview,BNI
Overview,BNI-HBD
Overview,HBD
Overview,HBD-PRKD
Overview,PRKD
Overview,ET-PRKD
Overview,ET
Overview,ET-ETB
Overview,ETB
Overview,DRA-ETB
Overview,DRA
Overview,DKI-DRA
Overview,DKI
Overview,BPF-DKI
Overview,BPF
Overview,BIF-BPF
Overview,BIF
Overview,BIF-PGL
Overview,PGL
Overview,PGL-TBN
Overview,TBN
Overview,CRK-TBN
Overview,CRK
Overview,CRK-HD
Overview,HD
Overview,HD-PAL
Overview,PAL
Overview,MUO-PAL
Overview,MUO
Overview,BRI-MUO
Overview,BRI
Overview,BRI-KKN
Overview,KKN
Overview,DRHI-KKN
Overview,DRHI
Overview,BRUD-DRHI
Overview,BRUD
Overview,BRUD-CAER
Overview,CAER
Overview,CAER-CKKD
Overview,CKKD
Overview,CKKD-SGBJ
Overview,SGBJ
Overview,SGBJ-TLV
Overview,TLV
Overview,ET-GRO
Overview,GRO
Overview,ET-JUH
Overview,JUH
Overview,BIR
Overview,BIR-TLV
Overview,MTA-TLV
Overview,MTA
HBD-ET-JUH BOARD,HBD
HBD-ET-JUH BOARD,HBD-PRKD
HBD-ET-JUH BOARD,PRKD
HBD-ET-JUH BOARD,ET-PRKD
HBD-ET-JUH BOARD,ET
HBD-ET-JUH BOARD,ET-JUH
HBD-ET-JUH BOARD,JUH
CNPR-PUS BOARD,CNPR
CNPR-PUS BOARD,CNPR-JGBR
CNPR-PUS BOARD,JGBR
CNPR-PUS BOARD,DNEA-JGBR
CNPR-PUS BOARD,DNEA
CNPR-PUS BOARD,DMBR-DNEA
CNPR-PUS BOARD,DMBR
CNPR-PUS BOARD,DMBR-GMIA
CNPR-PUS BOARD,GMIA
CNPR-PUS BOARD,BKRO-GMIA
CNPR-PUS BOARD,BKRO
CNPR-PUS BOARD,BKRO-JAN
CNPR-PUS BOARD,JAN
CNPR-PUS BOARD,BRMO-JAN
CNPR-PUS BOARD,BRMO
CNPR-PUS BOARD,AMLO-BRMO
CNPR-PUS BOARD,AMLO
CNPR-PUS BOARD,AMLO-PUS
CNPR-PUS BOARD,PUS
PUS-CRP-RJB BOARD,PUS
PUS-CRP-RJB BOARD,BHME-PUS
PUS-CRP-RJB BOARD,BHME
PUS-CRP-RJB BOARD,BHME-CRP
PUS-CRP-RJB BOARD,CRP
PUS-CRP-RJB BOARD,RJB
PUS-CRP-RJB BOARD,CRP-RJB
PUS-CRP-JNN BOARD,PUS
PUS-CRP-JNN BOARD,BHME-PUS
PUS-CRP-JNN BOARD,BHME
PUS-CRP-JNN BOARD,BHME-CRP
PUS-CRP-JNN BOARD,CRP
PUS-CRP-JNN BOARD,CRP-JNN
PUS-CRP-JNN BOARD,JNN
KTHA-SAGM-STA-UHR BOARD,KTHA
KTHA-SAGM-STA-UHR BOARD,JTW-KTHA
KTHA-SAGM-STA-UHR BOARD,JTW
KTHA-SAGM-STA-UHR BOARD,JTW-SAGM
KTHA-SAGM-STA-UHR BOARD,SAGM
KTHA-SAGM-STA-UHR BOARD,SAGM-STA
KTHA-SAGM-STA-UHR BOARD,STA
KTHA-SAGM-STA-UHR BOARD,LGCE-STA
KTHA-SAGM-STA-UHR BOARD,LGCE
KTHA-SAGM-STA-UHR BOARD,LGCE-UHR
KTHA-SAGM-STA-UHR BOARD,UHR
PNHR-GWL-STLI BOARD,GWL
PNHR-GWL-STLI BOARD,GWL-PNHR
PNHR-GWL-STLI BOARD,PNHR
PNHR-GWL-STLI BOARD,GWL-STLI
PNHR-GWL-STLI BOARD,STLI
